<annotation>
	<folder>JPEGImages</folder>
	<filename>04VRAHK2.jpg</filename>
	<path>D:\Work\Kaggle\TinyMind人民币面值&amp;冠字号编码识别挑战赛\VOC2007\JPEGImages\04VRAHK2.jpg</path>
	<source>
		<database>Unknown</database>
	</source>
	<size>
		<width>706</width>
		<height>355</height>
		<depth>3</depth>
	</size>
	<segmented>0</segmented>
	<object>
		<name>zipcode</name>
		<pose>Unspecified</pose>
		<truncated>0</truncated>
		<difficult>0</difficult>
		<bndbox>
			<xmin>367</xmin>
			<ymin>249</ymin>
			<xmax>521</xmax>
			<ymax>285</ymax>
		</bndbox>
	</object>
</annotation>
