<annotation>
	<folder>JPEGImages</folder>
	<filename>04W2IHRM.jpg</filename>
	<path>D:\Work\Kaggle\TinyMind人民币面值&amp;冠字号编码识别挑战赛\VOC2007\JPEGImages\04W2IHRM.jpg</path>
	<source>
		<database>Unknown</database>
	</source>
	<size>
		<width>1077</width>
		<height>502</height>
		<depth>3</depth>
	</size>
	<segmented>0</segmented>
	<object>
		<name>zipcode</name>
		<pose>Unspecified</pose>
		<truncated>0</truncated>
		<difficult>0</difficult>
		<bndbox>
			<xmin>573</xmin>
			<ymin>379</ymin>
			<xmax>797</xmax>
			<ymax>432</ymax>
		</bndbox>
	</object>
</annotation>
