<annotation>
	<folder>JPEGImages</folder>
	<filename>05TPRX12.jpg</filename>
	<path>D:\Work\Kaggle\TinyMind人民币面值&amp;冠字号编码识别挑战赛\VOC2007\JPEGImages\05TPRX12.jpg</path>
	<source>
		<database>Unknown</database>
	</source>
	<size>
		<width>802</width>
		<height>424</height>
		<depth>3</depth>
	</size>
	<segmented>0</segmented>
	<object>
		<name>zipcode</name>
		<pose>Unspecified</pose>
		<truncated>0</truncated>
		<difficult>0</difficult>
		<bndbox>
			<xmin>592</xmin>
			<ymin>227</ymin>
			<xmax>740</xmax>
			<ymax>257</ymax>
		</bndbox>
	</object>
</annotation>
