<annotation>
	<folder>JPEGImages</folder>
	<filename>0AMSG4YB.jpg</filename>
	<path>D:\Work\Kaggle\TinyMind人民币面值&amp;冠字号编码识别挑战赛\VOC2007\JPEGImages\0AMSG4YB.jpg</path>
	<source>
		<database>Unknown</database>
	</source>
	<size>
		<width>1051</width>
		<height>532</height>
		<depth>3</depth>
	</size>
	<segmented>0</segmented>
	<object>
		<name>zipcode</name>
		<pose>Unspecified</pose>
		<truncated>0</truncated>
		<difficult>0</difficult>
		<bndbox>
			<xmin>564</xmin>
			<ymin>387</ymin>
			<xmax>783</xmax>
			<ymax>439</ymax>
		</bndbox>
	</object>
</annotation>
