<annotation>
	<folder>JPEGImages</folder>
	<filename>0D6HCAXL.jpg</filename>
	<path>D:\Work\Kaggle\TinyMind人民币面值&amp;冠字号编码识别挑战赛\VOC2007\JPEGImages\0D6HCAXL.jpg</path>
	<source>
		<database>Unknown</database>
	</source>
	<size>
		<width>712</width>
		<height>363</height>
		<depth>3</depth>
	</size>
	<segmented>0</segmented>
	<object>
		<name>zipcode</name>
		<pose>Unspecified</pose>
		<truncated>0</truncated>
		<difficult>0</difficult>
		<bndbox>
			<xmin>370</xmin>
			<ymin>254</ymin>
			<xmax>512</xmax>
			<ymax>294</ymax>
		</bndbox>
	</object>
</annotation>
