<annotation>
	<folder>JPEGImages</folder>
	<filename>0ER2Q6HD.jpg</filename>
	<path>D:\Work\Kaggle\TinyMind人民币面值&amp;冠字号编码识别挑战赛\VOC2007\JPEGImages\0ER2Q6HD.jpg</path>
	<source>
		<database>Unknown</database>
	</source>
	<size>
		<width>1105</width>
		<height>570</height>
		<depth>3</depth>
	</size>
	<segmented>0</segmented>
	<object>
		<name>zipcode</name>
		<pose>Unspecified</pose>
		<truncated>0</truncated>
		<difficult>0</difficult>
		<bndbox>
			<xmin>832</xmin>
			<ymin>293</ymin>
			<xmax>1048</xmax>
			<ymax>346</ymax>
		</bndbox>
	</object>
</annotation>
