<annotation>
	<folder>JPEGImages</folder>
	<filename>0F3KLXN1.jpg</filename>
	<path>D:\Work\Kaggle\TinyMind人民币面值&amp;冠字号编码识别挑战赛\VOC2007\JPEGImages\0F3KLXN1.jpg</path>
	<source>
		<database>Unknown</database>
	</source>
	<size>
		<width>1016</width>
		<height>482</height>
		<depth>3</depth>
	</size>
	<segmented>0</segmented>
	<object>
		<name>zipcode</name>
		<pose>Unspecified</pose>
		<truncated>0</truncated>
		<difficult>0</difficult>
		<bndbox>
			<xmin>544</xmin>
			<ymin>344</ymin>
			<xmax>770</xmax>
			<ymax>412</ymax>
		</bndbox>
	</object>
</annotation>
