<annotation>
	<folder>JPEGImages</folder>
	<filename>0F9L2H4R.jpg</filename>
	<path>D:\Work\Kaggle\TinyMind人民币面值&amp;冠字号编码识别挑战赛\VOC2007\JPEGImages\0F9L2H4R.jpg</path>
	<source>
		<database>Unknown</database>
	</source>
	<size>
		<width>724</width>
		<height>364</height>
		<depth>3</depth>
	</size>
	<segmented>0</segmented>
	<object>
		<name>zipcode</name>
		<pose>Unspecified</pose>
		<truncated>0</truncated>
		<difficult>0</difficult>
		<bndbox>
			<xmin>385</xmin>
			<ymin>258</ymin>
			<xmax>532</xmax>
			<ymax>302</ymax>
		</bndbox>
	</object>
</annotation>
