<annotation>
	<folder>JPEGImages</folder>
	<filename>0FEG3G9V.jpg</filename>
	<path>D:\Work\Kaggle\TinyMind人民币面值&amp;冠字号编码识别挑战赛\VOC2007\JPEGImages\0FEG3G9V.jpg</path>
	<source>
		<database>Unknown</database>
	</source>
	<size>
		<width>1282</width>
		<height>583</height>
		<depth>3</depth>
	</size>
	<segmented>0</segmented>
	<object>
		<name>zipcode</name>
		<pose>Unspecified</pose>
		<truncated>0</truncated>
		<difficult>0</difficult>
		<bndbox>
			<xmin>416</xmin>
			<ymin>428</ymin>
			<xmax>731</xmax>
			<ymax>522</ymax>
		</bndbox>
	</object>
</annotation>
