<annotation>
	<folder>JPEGImages</folder>
	<filename>0GA5LZQ4.jpg</filename>
	<path>D:\Work\Kaggle\TinyMind人民币面值&amp;冠字号编码识别挑战赛\VOC2007\JPEGImages\0GA5LZQ4.jpg</path>
	<source>
		<database>Unknown</database>
	</source>
	<size>
		<width>1097</width>
		<height>504</height>
		<depth>3</depth>
	</size>
	<segmented>0</segmented>
	<object>
		<name>zipcode</name>
		<pose>Unspecified</pose>
		<truncated>0</truncated>
		<difficult>0</difficult>
		<bndbox>
			<xmin>584</xmin>
			<ymin>380</ymin>
			<xmax>828</xmax>
			<ymax>448</ymax>
		</bndbox>
	</object>
</annotation>
