<annotation>
	<folder>JPEGImages</folder>
	<filename>0GCWNQ26.jpg</filename>
	<path>D:\Work\Kaggle\TinyMind人民币面值&amp;冠字号编码识别挑战赛\VOC2007\JPEGImages\0GCWNQ26.jpg</path>
	<source>
		<database>Unknown</database>
	</source>
	<size>
		<width>746</width>
		<height>370</height>
		<depth>3</depth>
	</size>
	<segmented>0</segmented>
	<object>
		<name>zipcode</name>
		<pose>Unspecified</pose>
		<truncated>0</truncated>
		<difficult>0</difficult>
		<bndbox>
			<xmin>402</xmin>
			<ymin>281</ymin>
			<xmax>554</xmax>
			<ymax>325</ymax>
		</bndbox>
	</object>
</annotation>
