<annotation>
	<folder>JPEGImages</folder>
	<filename>0GD2VZ9A.jpg</filename>
	<path>D:\Work\Kaggle\TinyMind人民币面值&amp;冠字号编码识别挑战赛\VOC2007\JPEGImages\0GD2VZ9A.jpg</path>
	<source>
		<database>Unknown</database>
	</source>
	<size>
		<width>857</width>
		<height>416</height>
		<depth>3</depth>
	</size>
	<segmented>0</segmented>
	<object>
		<name>zipcode</name>
		<pose>Unspecified</pose>
		<truncated>0</truncated>
		<difficult>0</difficult>
		<bndbox>
			<xmin>185</xmin>
			<ymin>307</ymin>
			<xmax>375</xmax>
			<ymax>360</ymax>
		</bndbox>
	</object>
</annotation>
