<annotation>
	<folder>JPEGImages</folder>
	<filename>0IB315YW.jpg</filename>
	<path>D:\Work\Kaggle\TinyMind人民币面值&amp;冠字号编码识别挑战赛\VOC2007\JPEGImages\0IB315YW.jpg</path>
	<source>
		<database>Unknown</database>
	</source>
	<size>
		<width>1069</width>
		<height>512</height>
		<depth>3</depth>
	</size>
	<segmented>0</segmented>
	<object>
		<name>zipcode</name>
		<pose>Unspecified</pose>
		<truncated>0</truncated>
		<difficult>0</difficult>
		<bndbox>
			<xmin>574</xmin>
			<ymin>374</ymin>
			<xmax>803</xmax>
			<ymax>432</ymax>
		</bndbox>
	</object>
</annotation>
