<annotation>
	<folder>JPEGImages</folder>
	<filename>0IUO1B5C.jpg</filename>
	<path>D:\Work\Kaggle\TinyMind人民币面值&amp;冠字号编码识别挑战赛\VOC2007\JPEGImages\0IUO1B5C.jpg</path>
	<source>
		<database>Unknown</database>
	</source>
	<size>
		<width>795</width>
		<height>424</height>
		<depth>3</depth>
	</size>
	<segmented>0</segmented>
	<object>
		<name>zipcode</name>
		<pose>Unspecified</pose>
		<truncated>0</truncated>
		<difficult>0</difficult>
		<bndbox>
			<xmin>571</xmin>
			<ymin>216</ymin>
			<xmax>722</xmax>
			<ymax>258</ymax>
		</bndbox>
	</object>
</annotation>
