<annotation>
	<folder>JPEGImages</folder>
	<filename>0KG6TGU9.jpg</filename>
	<path>D:\Work\Kaggle\TinyMind人民币面值&amp;冠字号编码识别挑战赛\VOC2007\JPEGImages\0KG6TGU9.jpg</path>
	<source>
		<database>Unknown</database>
	</source>
	<size>
		<width>1150</width>
		<height>543</height>
		<depth>3</depth>
	</size>
	<segmented>0</segmented>
	<object>
		<name>zipcode</name>
		<pose>Unspecified</pose>
		<truncated>0</truncated>
		<difficult>0</difficult>
		<bndbox>
			<xmin>631</xmin>
			<ymin>412</ymin>
			<xmax>867</xmax>
			<ymax>477</ymax>
		</bndbox>
	</object>
</annotation>
