<annotation>
	<folder>JPEGImages</folder>
	<filename>0KV29LZW.jpg</filename>
	<path>D:\Work\Kaggle\TinyMind人民币面值&amp;冠字号编码识别挑战赛\VOC2007\JPEGImages\0KV29LZW.jpg</path>
	<source>
		<database>Unknown</database>
	</source>
	<size>
		<width>808</width>
		<height>420</height>
		<depth>3</depth>
	</size>
	<segmented>0</segmented>
	<object>
		<name>zipcode</name>
		<pose>Unspecified</pose>
		<truncated>0</truncated>
		<difficult>0</difficult>
		<bndbox>
			<xmin>592</xmin>
			<ymin>217</ymin>
			<xmax>750</xmax>
			<ymax>260</ymax>
		</bndbox>
	</object>
</annotation>
