<annotation>
	<folder>JPEGImages</folder>
	<filename>0KYQTEFB.jpg</filename>
	<path>D:\Work\Kaggle\TinyMind人民币面值&amp;冠字号编码识别挑战赛\VOC2007\JPEGImages\0KYQTEFB.jpg</path>
	<source>
		<database>Unknown</database>
	</source>
	<size>
		<width>792</width>
		<height>425</height>
		<depth>3</depth>
	</size>
	<segmented>0</segmented>
	<object>
		<name>zipcode</name>
		<pose>Unspecified</pose>
		<truncated>0</truncated>
		<difficult>0</difficult>
		<bndbox>
			<xmin>583</xmin>
			<ymin>215</ymin>
			<xmax>742</xmax>
			<ymax>256</ymax>
		</bndbox>
	</object>
</annotation>
