<annotation>
	<folder>JPEGImages</folder>
	<filename>0L9THXRA.jpg</filename>
	<path>D:\Work\Kaggle\TinyMind人民币面值&amp;冠字号编码识别挑战赛\VOC2007\JPEGImages\0L9THXRA.jpg</path>
	<source>
		<database>Unknown</database>
	</source>
	<size>
		<width>818</width>
		<height>387</height>
		<depth>3</depth>
	</size>
	<segmented>0</segmented>
	<object>
		<name>zipcode</name>
		<pose>Unspecified</pose>
		<truncated>0</truncated>
		<difficult>0</difficult>
		<bndbox>
			<xmin>273</xmin>
			<ymin>287</ymin>
			<xmax>459</xmax>
			<ymax>337</ymax>
		</bndbox>
	</object>
</annotation>
