<annotation>
	<folder>JPEGImages</folder>
	<filename>0LGQOY25.jpg</filename>
	<path>D:\Work\Kaggle\TinyMind人民币面值&amp;冠字号编码识别挑战赛\VOC2007\JPEGImages\0LGQOY25.jpg</path>
	<source>
		<database>Unknown</database>
	</source>
	<size>
		<width>1076</width>
		<height>532</height>
		<depth>3</depth>
	</size>
	<segmented>0</segmented>
	<object>
		<name>zipcode</name>
		<pose>Unspecified</pose>
		<truncated>0</truncated>
		<difficult>0</difficult>
		<bndbox>
			<xmin>571</xmin>
			<ymin>388</ymin>
			<xmax>801</xmax>
			<ymax>448</ymax>
		</bndbox>
	</object>
</annotation>
