<annotation>
	<folder>JPEGImages</folder>
	<filename>0M8BKH4X.jpg</filename>
	<path>D:\Work\Kaggle\TinyMind人民币面值&amp;冠字号编码识别挑战赛\VOC2007\JPEGImages\0M8BKH4X.jpg</path>
	<source>
		<database>Unknown</database>
	</source>
	<size>
		<width>836</width>
		<height>411</height>
		<depth>3</depth>
	</size>
	<segmented>0</segmented>
	<object>
		<name>zipcode</name>
		<pose>Unspecified</pose>
		<truncated>0</truncated>
		<difficult>0</difficult>
		<bndbox>
			<xmin>290</xmin>
			<ymin>298</ymin>
			<xmax>478</xmax>
			<ymax>349</ymax>
		</bndbox>
	</object>
</annotation>
