<annotation>
	<folder>JPEGImages</folder>
	<filename>0MNFQH95.jpg</filename>
	<path>D:\Work\Kaggle\TinyMind人民币面值&amp;冠字号编码识别挑战赛\VOC2007\JPEGImages\0MNFQH95.jpg</path>
	<source>
		<database>Unknown</database>
	</source>
	<size>
		<width>1130</width>
		<height>581</height>
		<depth>3</depth>
	</size>
	<segmented>0</segmented>
	<object>
		<name>zipcode</name>
		<pose>Unspecified</pose>
		<truncated>0</truncated>
		<difficult>0</difficult>
		<bndbox>
			<xmin>820</xmin>
			<ymin>305</ymin>
			<xmax>1046</xmax>
			<ymax>362</ymax>
		</bndbox>
	</object>
</annotation>
