<annotation>
	<folder>JPEGImages</folder>
	<filename>0NARV1BG.jpg</filename>
	<path>D:\Work\Kaggle\TinyMind人民币面值&amp;冠字号编码识别挑战赛\VOC2007\JPEGImages\0NARV1BG.jpg</path>
	<source>
		<database>Unknown</database>
	</source>
	<size>
		<width>997</width>
		<height>485</height>
		<depth>3</depth>
	</size>
	<segmented>0</segmented>
	<object>
		<name>zipcode</name>
		<pose>Unspecified</pose>
		<truncated>0</truncated>
		<difficult>0</difficult>
		<bndbox>
			<xmin>510</xmin>
			<ymin>342</ymin>
			<xmax>732</xmax>
			<ymax>394</ymax>
		</bndbox>
	</object>
</annotation>
