<annotation>
	<folder>JPEGImages</folder>
	<filename>0NIGS4WX.jpg</filename>
	<path>D:\Work\Kaggle\TinyMind人民币面值&amp;冠字号编码识别挑战赛\VOC2007\JPEGImages\0NIGS4WX.jpg</path>
	<source>
		<database>Unknown</database>
	</source>
	<size>
		<width>579</width>
		<height>310</height>
		<depth>3</depth>
	</size>
	<segmented>0</segmented>
	<object>
		<name>zipcode</name>
		<pose>Unspecified</pose>
		<truncated>0</truncated>
		<difficult>0</difficult>
		<bndbox>
			<xmin>196</xmin>
			<ymin>211</ymin>
			<xmax>327</xmax>
			<ymax>248</ymax>
		</bndbox>
	</object>
</annotation>
