<annotation>
	<folder>JPEGImages</folder>
	<filename>0O31T6Q5.jpg</filename>
	<path>D:\Work\Kaggle\TinyMind人民币面值&amp;冠字号编码识别挑战赛\VOC2007\JPEGImages\0O31T6Q5.jpg</path>
	<source>
		<database>Unknown</database>
	</source>
	<size>
		<width>1046</width>
		<height>480</height>
		<depth>3</depth>
	</size>
	<segmented>0</segmented>
	<object>
		<name>zipcode</name>
		<pose>Unspecified</pose>
		<truncated>0</truncated>
		<difficult>0</difficult>
		<bndbox>
			<xmin>558</xmin>
			<ymin>368</ymin>
			<xmax>792</xmax>
			<ymax>427</ymax>
		</bndbox>
	</object>
</annotation>
