<annotation>
	<folder>JPEGImages</folder>
	<filename>0O5NG1VB.jpg</filename>
	<path>D:\Work\Kaggle\TinyMind人民币面值&amp;冠字号编码识别挑战赛\VOC2007\JPEGImages\0O5NG1VB.jpg</path>
	<source>
		<database>Unknown</database>
	</source>
	<size>
		<width>1162</width>
		<height>582</height>
		<depth>3</depth>
	</size>
	<segmented>0</segmented>
	<object>
		<name>zipcode</name>
		<pose>Unspecified</pose>
		<truncated>0</truncated>
		<difficult>0</difficult>
		<bndbox>
			<xmin>849</xmin>
			<ymin>301</ymin>
			<xmax>1090</xmax>
			<ymax>349</ymax>
		</bndbox>
	</object>
</annotation>
