<annotation>
	<folder>JPEGImages</folder>
	<filename>0PNDS7OG.jpg</filename>
	<path>D:\Work\Kaggle\TinyMind人民币面值&amp;冠字号编码识别挑战赛\JPEGImages\0PNDS7OG.jpg</path>
	<source>
		<database>Unknown</database>
	</source>
	<size>
		<width>1052</width>
		<height>481</height>
		<depth>3</depth>
	</size>
	<segmented>0</segmented>
	<object>
		<name>zipcode</name>
		<pose>Unspecified</pose>
		<truncated>0</truncated>
		<difficult>0</difficult>
		<bndbox>
			<xmin>558</xmin>
			<ymin>370</ymin>
			<xmax>777</xmax>
			<ymax>430</ymax>
		</bndbox>
	</object>
</annotation>
