<annotation>
	<folder>JPEGImages</folder>
	<filename>0QGSGXPF.jpg</filename>
	<path>D:\Work\Kaggle\TinyMind人民币面值&amp;冠字号编码识别挑战赛\VOC2007\JPEGImages\0QGSGXPF.jpg</path>
	<source>
		<database>Unknown</database>
	</source>
	<size>
		<width>1405</width>
		<height>600</height>
		<depth>3</depth>
	</size>
	<segmented>0</segmented>
	<object>
		<name>zipcode</name>
		<pose>Unspecified</pose>
		<truncated>0</truncated>
		<difficult>0</difficult>
		<bndbox>
			<xmin>758</xmin>
			<ymin>477</ymin>
			<xmax>1078</xmax>
			<ymax>552</ymax>
		</bndbox>
	</object>
</annotation>
