<annotation>
	<folder>JPEGImages</folder>
	<filename>0SA83UW2.jpg</filename>
	<path>D:\Work\Kaggle\TinyMind人民币面值&amp;冠字号编码识别挑战赛\VOC2007\JPEGImages\0SA83UW2.jpg</path>
	<source>
		<database>Unknown</database>
	</source>
	<size>
		<width>613</width>
		<height>306</height>
		<depth>3</depth>
	</size>
	<segmented>0</segmented>
	<object>
		<name>zipcode</name>
		<pose>Unspecified</pose>
		<truncated>0</truncated>
		<difficult>0</difficult>
		<bndbox>
			<xmin>140</xmin>
			<ymin>214</ymin>
			<xmax>276</xmax>
			<ymax>255</ymax>
		</bndbox>
	</object>
</annotation>
