<annotation>
	<folder>JPEGImages</folder>
	<filename>0VLO5TE4.jpg</filename>
	<path>D:\Work\Kaggle\TinyMind人民币面值&amp;冠字号编码识别挑战赛\VOC2007\JPEGImages\0VLO5TE4.jpg</path>
	<source>
		<database>Unknown</database>
	</source>
	<size>
		<width>710</width>
		<height>362</height>
		<depth>3</depth>
	</size>
	<segmented>0</segmented>
	<object>
		<name>zipcode</name>
		<pose>Unspecified</pose>
		<truncated>0</truncated>
		<difficult>0</difficult>
		<bndbox>
			<xmin>360</xmin>
			<ymin>261</ymin>
			<xmax>519</xmax>
			<ymax>303</ymax>
		</bndbox>
	</object>
</annotation>
