<annotation>
	<folder>JPEGImages</folder>
	<filename>0WTLX2VG.jpg</filename>
	<path>D:\Work\Kaggle\TinyMind人民币面值&amp;冠字号编码识别挑战赛\VOC2007\JPEGImages\0WTLX2VG.jpg</path>
	<source>
		<database>Unknown</database>
	</source>
	<size>
		<width>1267</width>
		<height>600</height>
		<depth>3</depth>
	</size>
	<segmented>0</segmented>
	<object>
		<name>zipcode</name>
		<pose>Unspecified</pose>
		<truncated>0</truncated>
		<difficult>0</difficult>
		<bndbox>
			<xmin>264</xmin>
			<ymin>461</ymin>
			<xmax>549</xmax>
			<ymax>538</ymax>
		</bndbox>
	</object>
</annotation>
