<annotation>
	<folder>JPEGImages</folder>
	<filename>1B6OXGZ5.jpg</filename>
	<path>D:\Work\Kaggle\TinyMind人民币面值&amp;冠字号编码识别挑战赛\JPEGImages\1B6OXGZ5.jpg</path>
	<source>
		<database>Unknown</database>
	</source>
	<size>
		<width>831</width>
		<height>410</height>
		<depth>3</depth>
	</size>
	<segmented>0</segmented>
	<object>
		<name>zipcode</name>
		<pose>Unspecified</pose>
		<truncated>0</truncated>
		<difficult>0</difficult>
		<bndbox>
			<xmin>281</xmin>
			<ymin>298</ymin>
			<xmax>460</xmax>
			<ymax>339</ymax>
		</bndbox>
	</object>
</annotation>
