<annotation>
	<folder>JPEGImages</folder>
	<filename>1OBH5V8A.jpg</filename>
	<path>D:\Work\Kaggle\TinyMind人民币面值&amp;冠字号编码识别挑战赛\JPEGImages\1OBH5V8A.jpg</path>
	<source>
		<database>Unknown</database>
	</source>
	<size>
		<width>747</width>
		<height>384</height>
		<depth>3</depth>
	</size>
	<segmented>0</segmented>
	<object>
		<name>zipcode</name>
		<pose>Unspecified</pose>
		<truncated>0</truncated>
		<difficult>0</difficult>
		<bndbox>
			<xmin>414</xmin>
			<ymin>279</ymin>
			<xmax>553</xmax>
			<ymax>320</ymax>
		</bndbox>
	</object>
</annotation>
