<annotation>
	<folder>JPEGImages</folder>
	<filename>1YFTWE35.jpg</filename>
	<path>D:\Work\Kaggle\TinyMind人民币面值&amp;冠字号编码识别挑战赛\JPEGImages\1YFTWE35.jpg</path>
	<source>
		<database>Unknown</database>
	</source>
	<size>
		<width>713</width>
		<height>368</height>
		<depth>3</depth>
	</size>
	<segmented>0</segmented>
	<object>
		<name>zipcode</name>
		<pose>Unspecified</pose>
		<truncated>0</truncated>
		<difficult>0</difficult>
		<bndbox>
			<xmin>374</xmin>
			<ymin>263</ymin>
			<xmax>508</xmax>
			<ymax>291</ymax>
		</bndbox>
	</object>
</annotation>
