<annotation>
	<folder>JPEGImages</folder>
	<filename>1ZI9PGB5.jpg</filename>
	<path>D:\Work\Kaggle\TinyMind人民币面值&amp;冠字号编码识别挑战赛\JPEGImages\1ZI9PGB5.jpg</path>
	<source>
		<database>Unknown</database>
	</source>
	<size>
		<width>572</width>
		<height>314</height>
		<depth>3</depth>
	</size>
	<segmented>0</segmented>
	<object>
		<name>zipcode</name>
		<pose>Unspecified</pose>
		<truncated>0</truncated>
		<difficult>0</difficult>
		<bndbox>
			<xmin>199</xmin>
			<ymin>217</ymin>
			<xmax>317</xmax>
			<ymax>246</ymax>
		</bndbox>
	</object>
</annotation>
