<annotation>
	<folder>JPEGImages</folder>
	<filename>24GDCNTH.jpg</filename>
	<path>D:\Work\Kaggle\TinyMind人民币面值&amp;冠字号编码识别挑战赛\JPEGImages\24GDCNTH.jpg</path>
	<source>
		<database>Unknown</database>
	</source>
	<size>
		<width>803</width>
		<height>424</height>
		<depth>3</depth>
	</size>
	<segmented>0</segmented>
	<object>
		<name>zipcode</name>
		<pose>Unspecified</pose>
		<truncated>0</truncated>
		<difficult>0</difficult>
		<bndbox>
			<xmin>596</xmin>
			<ymin>220</ymin>
			<xmax>738</xmax>
			<ymax>254</ymax>
		</bndbox>
	</object>
</annotation>
