<annotation>
	<folder>JPEGImages</folder>
	<filename>2CNGHF6A.jpg</filename>
	<path>D:\Work\Kaggle\TinyMind人民币面值&amp;冠字号编码识别挑战赛\JPEGImages\2CNGHF6A.jpg</path>
	<source>
		<database>Unknown</database>
	</source>
	<size>
		<width>841</width>
		<height>420</height>
		<depth>3</depth>
	</size>
	<segmented>0</segmented>
	<object>
		<name>zipcode</name>
		<pose>Unspecified</pose>
		<truncated>0</truncated>
		<difficult>0</difficult>
		<bndbox>
			<xmin>287</xmin>
			<ymin>306</ymin>
			<xmax>470</xmax>
			<ymax>348</ymax>
		</bndbox>
	</object>
</annotation>
