<annotation>
	<folder>JPEGImages</folder>
	<filename>2QWHIO6T.jpg</filename>
	<path>D:\Work\Kaggle\TinyMind人民币面值&amp;冠字号编码识别挑战赛\JPEGImages\2QWHIO6T.jpg</path>
	<source>
		<database>Unknown</database>
	</source>
	<size>
		<width>1147</width>
		<height>551</height>
		<depth>3</depth>
	</size>
	<segmented>0</segmented>
	<object>
		<name>zipcode</name>
		<pose>Unspecified</pose>
		<truncated>0</truncated>
		<difficult>0</difficult>
		<bndbox>
			<xmin>632</xmin>
			<ymin>434</ymin>
			<xmax>855</xmax>
			<ymax>494</ymax>
		</bndbox>
	</object>
</annotation>
