<annotation>
	<folder>JPEGImages</folder>
	<filename>2VUQPYRX.jpg</filename>
	<path>D:\Work\Kaggle\TinyMind人民币面值&amp;冠字号编码识别挑战赛\JPEGImages\2VUQPYRX.jpg</path>
	<source>
		<database>Unknown</database>
	</source>
	<size>
		<width>703</width>
		<height>355</height>
		<depth>3</depth>
	</size>
	<segmented>0</segmented>
	<object>
		<name>zipcode</name>
		<pose>Unspecified</pose>
		<truncated>0</truncated>
		<difficult>0</difficult>
		<bndbox>
			<xmin>371</xmin>
			<ymin>248</ymin>
			<xmax>503</xmax>
			<ymax>284</ymax>
		</bndbox>
	</object>
</annotation>
