<annotation>
	<folder>JPEGImages</folder>
	<filename>35YXAQUL.jpg</filename>
	<path>D:\Work\Kaggle\TinyMind人民币面值&amp;冠字号编码识别挑战赛\JPEGImages\35YXAQUL.jpg</path>
	<source>
		<database>Unknown</database>
	</source>
	<size>
		<width>1374</width>
		<height>600</height>
		<depth>3</depth>
	</size>
	<segmented>0</segmented>
	<object>
		<name>zipcode</name>
		<pose>Unspecified</pose>
		<truncated>0</truncated>
		<difficult>0</difficult>
		<bndbox>
			<xmin>775</xmin>
			<ymin>520</ymin>
			<xmax>1050</xmax>
			<ymax>581</ymax>
		</bndbox>
	</object>
</annotation>
