<annotation>
	<folder>JPEGImages</folder>
	<filename>3FGLIDUA.jpg</filename>
	<path>D:\Work\Kaggle\TinyMind人民币面值&amp;冠字号编码识别挑战赛\JPEGImages\3FGLIDUA.jpg</path>
	<source>
		<database>Unknown</database>
	</source>
	<size>
		<width>1168</width>
		<height>587</height>
		<depth>3</depth>
	</size>
	<segmented>0</segmented>
	<object>
		<name>zipcode</name>
		<pose>Unspecified</pose>
		<truncated>0</truncated>
		<difficult>0</difficult>
		<bndbox>
			<xmin>385</xmin>
			<ymin>429</ymin>
			<xmax>675</xmax>
			<ymax>509</ymax>
		</bndbox>
	</object>
</annotation>
