<annotation>
	<folder>JPEGImages</folder>
	<filename>3PWISY1T.jpg</filename>
	<path>D:\Work\Kaggle\TinyMind人民币面值&amp;冠字号编码识别挑战赛\JPEGImages\3PWISY1T.jpg</path>
	<source>
		<database>Unknown</database>
	</source>
	<size>
		<width>743</width>
		<height>354</height>
		<depth>3</depth>
	</size>
	<segmented>0</segmented>
	<object>
		<name>zipcode</name>
		<pose>Unspecified</pose>
		<truncated>0</truncated>
		<difficult>0</difficult>
		<bndbox>
			<xmin>415</xmin>
			<ymin>277</ymin>
			<xmax>551</xmax>
			<ymax>314</ymax>
		</bndbox>
	</object>
</annotation>
