<annotation>
	<folder>JPEGImages</folder>
	<filename>3X0ZKOFQ.jpg</filename>
	<path>D:\Work\Kaggle\TinyMind人民币面值&amp;冠字号编码识别挑战赛\JPEGImages\3X0ZKOFQ.jpg</path>
	<source>
		<database>Unknown</database>
	</source>
	<size>
		<width>1218</width>
		<height>565</height>
		<depth>3</depth>
	</size>
	<segmented>0</segmented>
	<object>
		<name>zipcode</name>
		<pose>Unspecified</pose>
		<truncated>0</truncated>
		<difficult>0</difficult>
		<bndbox>
			<xmin>412</xmin>
			<ymin>446</ymin>
			<xmax>677</xmax>
			<ymax>508</ymax>
		</bndbox>
	</object>
</annotation>
