<annotation>
	<folder>JPEGImages</folder>
	<filename>407GVKU9.jpg</filename>
	<path>D:\Work\Kaggle\TinyMind人民币面值&amp;冠字号编码识别挑战赛\JPEGImages\407GVKU9.jpg</path>
	<source>
		<database>Unknown</database>
	</source>
	<size>
		<width>836</width>
		<height>402</height>
		<depth>3</depth>
	</size>
	<segmented>0</segmented>
	<object>
		<name>zipcode</name>
		<pose>Unspecified</pose>
		<truncated>0</truncated>
		<difficult>0</difficult>
		<bndbox>
			<xmin>285</xmin>
			<ymin>295</ymin>
			<xmax>470</xmax>
			<ymax>342</ymax>
		</bndbox>
	</object>
</annotation>
