<annotation>
	<folder>JPEGImages</folder>
	<filename>41VFUZ86.jpg</filename>
	<path>D:\Work\Kaggle\TinyMind人民币面值&amp;冠字号编码识别挑战赛\JPEGImages\41VFUZ86.jpg</path>
	<source>
		<database>Unknown</database>
	</source>
	<size>
		<width>1117</width>
		<height>541</height>
		<depth>3</depth>
	</size>
	<segmented>0</segmented>
	<object>
		<name>zipcode</name>
		<pose>Unspecified</pose>
		<truncated>0</truncated>
		<difficult>0</difficult>
		<bndbox>
			<xmin>583</xmin>
			<ymin>405</ymin>
			<xmax>813</xmax>
			<ymax>452</ymax>
		</bndbox>
	</object>
</annotation>
