<annotation>
	<folder>JPEGImages</folder>
	<filename>4A6RMDEN.jpg</filename>
	<path>D:\Work\Kaggle\TinyMind人民币面值&amp;冠字号编码识别挑战赛\JPEGImages\4A6RMDEN.jpg</path>
	<source>
		<database>Unknown</database>
	</source>
	<size>
		<width>977</width>
		<height>478</height>
		<depth>3</depth>
	</size>
	<segmented>0</segmented>
	<object>
		<name>zipcode</name>
		<pose>Unspecified</pose>
		<truncated>0</truncated>
		<difficult>0</difficult>
		<bndbox>
			<xmin>496</xmin>
			<ymin>337</ymin>
			<xmax>701</xmax>
			<ymax>394</ymax>
		</bndbox>
	</object>
</annotation>
