<annotation>
	<folder>JPEGImages</folder>
	<filename>4E8GTZ5R.jpg</filename>
	<path>D:\Work\Kaggle\TinyMind人民币面值&amp;冠字号编码识别挑战赛\JPEGImages\4E8GTZ5R.jpg</path>
	<source>
		<database>Unknown</database>
	</source>
	<size>
		<width>861</width>
		<height>423</height>
		<depth>3</depth>
	</size>
	<segmented>0</segmented>
	<object>
		<name>zipcode</name>
		<pose>Unspecified</pose>
		<truncated>0</truncated>
		<difficult>0</difficult>
		<bndbox>
			<xmin>188</xmin>
			<ymin>310</ymin>
			<xmax>360</xmax>
			<ymax>362</ymax>
		</bndbox>
	</object>
</annotation>
