<annotation>
	<folder>JPEGImages</folder>
	<filename>4Q8YIE5N.jpg</filename>
	<path>D:\Work\Kaggle\TinyMind人民币面值&amp;冠字号编码识别挑战赛\JPEGImages\4Q8YIE5N.jpg</path>
	<source>
		<database>Unknown</database>
	</source>
	<size>
		<width>1140</width>
		<height>586</height>
		<depth>3</depth>
	</size>
	<segmented>0</segmented>
	<object>
		<name>zipcode</name>
		<pose>Unspecified</pose>
		<truncated>0</truncated>
		<difficult>0</difficult>
		<bndbox>
			<xmin>854</xmin>
			<ymin>314</ymin>
			<xmax>1075</xmax>
			<ymax>372</ymax>
		</bndbox>
	</object>
</annotation>
