<annotation>
	<folder>JPEGImages</folder>
	<filename>4S6R2GAZ.jpg</filename>
	<path>D:\Work\Kaggle\TinyMind人民币面值&amp;冠字号编码识别挑战赛\JPEGImages\4S6R2GAZ.jpg</path>
	<source>
		<database>Unknown</database>
	</source>
	<size>
		<width>993</width>
		<height>478</height>
		<depth>3</depth>
	</size>
	<segmented>0</segmented>
	<object>
		<name>zipcode</name>
		<pose>Unspecified</pose>
		<truncated>0</truncated>
		<difficult>0</difficult>
		<bndbox>
			<xmin>515</xmin>
			<ymin>346</ymin>
			<xmax>724</xmax>
			<ymax>393</ymax>
		</bndbox>
	</object>
</annotation>
