<annotation>
	<folder>JPEGImages</folder>
	<filename>538PE6UM.jpg</filename>
	<path>D:\Work\Kaggle\TinyMind人民币面值&amp;冠字号编码识别挑战赛\JPEGImages\538PE6UM.jpg</path>
	<source>
		<database>Unknown</database>
	</source>
	<size>
		<width>1179</width>
		<height>600</height>
		<depth>3</depth>
	</size>
	<segmented>0</segmented>
	<object>
		<name>zipcode</name>
		<pose>Unspecified</pose>
		<truncated>0</truncated>
		<difficult>0</difficult>
		<bndbox>
			<xmin>920</xmin>
			<ymin>329</ymin>
			<xmax>1158</xmax>
			<ymax>384</ymax>
		</bndbox>
	</object>
</annotation>
