<annotation>
	<folder>JPEGImages</folder>
	<filename>5DSZ3GLB.jpg</filename>
	<path>D:\Work\Kaggle\TinyMind人民币面值&amp;冠字号编码识别挑战赛\JPEGImages\5DSZ3GLB.jpg</path>
	<source>
		<database>Unknown</database>
	</source>
	<size>
		<width>787</width>
		<height>421</height>
		<depth>3</depth>
	</size>
	<segmented>0</segmented>
	<object>
		<name>zipcode</name>
		<pose>Unspecified</pose>
		<truncated>0</truncated>
		<difficult>0</difficult>
		<bndbox>
			<xmin>582</xmin>
			<ymin>225</ymin>
			<xmax>726</xmax>
			<ymax>263</ymax>
		</bndbox>
	</object>
</annotation>
