<annotation>
	<folder>JPEGImages</folder>
	<filename>5RAFIBC3.jpg</filename>
	<path>D:\Work\Kaggle\TinyMind人民币面值&amp;冠字号编码识别挑战赛\JPEGImages\5RAFIBC3.jpg</path>
	<source>
		<database>Unknown</database>
	</source>
	<size>
		<width>810</width>
		<height>424</height>
		<depth>3</depth>
	</size>
	<segmented>0</segmented>
	<object>
		<name>zipcode</name>
		<pose>Unspecified</pose>
		<truncated>0</truncated>
		<difficult>0</difficult>
		<bndbox>
			<xmin>600</xmin>
			<ymin>216</ymin>
			<xmax>744</xmax>
			<ymax>252</ymax>
		</bndbox>
	</object>
</annotation>
