<annotation>
	<folder>JPEGImages</folder>
	<filename>60P438XL.jpg</filename>
	<path>D:\Work\Kaggle\TinyMind人民币面值&amp;冠字号编码识别挑战赛\JPEGImages\60P438XL.jpg</path>
	<source>
		<database>Unknown</database>
	</source>
	<size>
		<width>805</width>
		<height>426</height>
		<depth>3</depth>
	</size>
	<segmented>0</segmented>
	<object>
		<name>zipcode</name>
		<pose>Unspecified</pose>
		<truncated>0</truncated>
		<difficult>0</difficult>
		<bndbox>
			<xmin>586</xmin>
			<ymin>217</ymin>
			<xmax>741</xmax>
			<ymax>249</ymax>
		</bndbox>
	</object>
</annotation>
