<annotation>
	<folder>JPEGImages</folder>
	<filename>61MP8I9H.jpg</filename>
	<path>D:\Work\Kaggle\TinyMind人民币面值&amp;冠字号编码识别挑战赛\JPEGImages\61MP8I9H.jpg</path>
	<source>
		<database>Unknown</database>
	</source>
	<size>
		<width>987</width>
		<height>482</height>
		<depth>3</depth>
	</size>
	<segmented>0</segmented>
	<object>
		<name>zipcode</name>
		<pose>Unspecified</pose>
		<truncated>0</truncated>
		<difficult>0</difficult>
		<bndbox>
			<xmin>529</xmin>
			<ymin>362</ymin>
			<xmax>725</xmax>
			<ymax>402</ymax>
		</bndbox>
	</object>
</annotation>
