<annotation>
	<folder>JPEGImages</folder>
	<filename>68EIWTPL.jpg</filename>
	<path>D:\Work\Kaggle\TinyMind人民币面值&amp;冠字号编码识别挑战赛\JPEGImages\68EIWTPL.jpg</path>
	<source>
		<database>Unknown</database>
	</source>
	<size>
		<width>1002</width>
		<height>480</height>
		<depth>3</depth>
	</size>
	<segmented>0</segmented>
	<object>
		<name>zipcode</name>
		<pose>Unspecified</pose>
		<truncated>0</truncated>
		<difficult>0</difficult>
		<bndbox>
			<xmin>549</xmin>
			<ymin>356</ymin>
			<xmax>739</xmax>
			<ymax>406</ymax>
		</bndbox>
	</object>
</annotation>
