<annotation>
	<folder>JPEGImages</folder>
	<filename>6EBGKGL4.jpg</filename>
	<path>D:\Work\Kaggle\TinyMind人民币面值&amp;冠字号编码识别挑战赛\JPEGImages\6EBGKGL4.jpg</path>
	<source>
		<database>Unknown</database>
	</source>
	<size>
		<width>737</width>
		<height>372</height>
		<depth>3</depth>
	</size>
	<segmented>0</segmented>
	<object>
		<name>zipcode</name>
		<pose>Unspecified</pose>
		<truncated>0</truncated>
		<difficult>0</difficult>
		<bndbox>
			<xmin>398</xmin>
			<ymin>269</ymin>
			<xmax>534</xmax>
			<ymax>301</ymax>
		</bndbox>
	</object>
</annotation>
