<annotation>
	<folder>JPEGImages</folder>
	<filename>6QFWUM0N.jpg</filename>
	<path>D:\Work\Kaggle\TinyMind人民币面值&amp;冠字号编码识别挑战赛\JPEGImages\6QFWUM0N.jpg</path>
	<source>
		<database>Unknown</database>
	</source>
	<size>
		<width>1083</width>
		<height>505</height>
		<depth>3</depth>
	</size>
	<segmented>0</segmented>
	<object>
		<name>zipcode</name>
		<pose>Unspecified</pose>
		<truncated>0</truncated>
		<difficult>0</difficult>
		<bndbox>
			<xmin>570</xmin>
			<ymin>385</ymin>
			<xmax>791</xmax>
			<ymax>440</ymax>
		</bndbox>
	</object>
</annotation>
