<annotation>
	<folder>JPEGImages</folder>
	<filename>6QR20GOU.jpg</filename>
	<path>D:\Work\Kaggle\TinyMind人民币面值&amp;冠字号编码识别挑战赛\JPEGImages\6QR20GOU.jpg</path>
	<source>
		<database>Unknown</database>
	</source>
	<size>
		<width>1297</width>
		<height>600</height>
		<depth>3</depth>
	</size>
	<segmented>0</segmented>
	<object>
		<name>zipcode</name>
		<pose>Unspecified</pose>
		<truncated>0</truncated>
		<difficult>0</difficult>
		<bndbox>
			<xmin>266</xmin>
			<ymin>481</ymin>
			<xmax>552</xmax>
			<ymax>561</ymax>
		</bndbox>
	</object>
</annotation>
