<annotation>
	<folder>JPEGImages</folder>
	<filename>6WM5G0P9.jpg</filename>
	<path>D:\Work\Kaggle\TinyMind人民币面值&amp;冠字号编码识别挑战赛\JPEGImages\6WM5G0P9.jpg</path>
	<source>
		<database>Unknown</database>
	</source>
	<size>
		<width>1247</width>
		<height>600</height>
		<depth>3</depth>
	</size>
	<segmented>0</segmented>
	<object>
		<name>zipcode</name>
		<pose>Unspecified</pose>
		<truncated>0</truncated>
		<difficult>0</difficult>
		<bndbox>
			<xmin>402</xmin>
			<ymin>472</ymin>
			<xmax>699</xmax>
			<ymax>537</ymax>
		</bndbox>
	</object>
</annotation>
