<annotation>
	<folder>JPEGImages</folder>
	<filename>72M35O1F.jpg</filename>
	<path>D:\Work\Kaggle\TinyMind人民币面值&amp;冠字号编码识别挑战赛\JPEGImages\72M35O1F.jpg</path>
	<source>
		<database>Unknown</database>
	</source>
	<size>
		<width>1318</width>
		<height>599</height>
		<depth>3</depth>
	</size>
	<segmented>0</segmented>
	<object>
		<name>zipcode</name>
		<pose>Unspecified</pose>
		<truncated>0</truncated>
		<difficult>0</difficult>
		<bndbox>
			<xmin>438</xmin>
			<ymin>479</ymin>
			<xmax>745</xmax>
			<ymax>555</ymax>
		</bndbox>
	</object>
</annotation>
