<annotation>
	<folder>JPEGImages</folder>
	<filename>76OZGFAL.jpg</filename>
	<path>D:\Work\Kaggle\TinyMind人民币面值&amp;冠字号编码识别挑战赛\JPEGImages\76OZGFAL.jpg</path>
	<source>
		<database>Unknown</database>
	</source>
	<size>
		<width>971</width>
		<height>433</height>
		<depth>3</depth>
	</size>
	<segmented>0</segmented>
	<object>
		<name>zipcode</name>
		<pose>Unspecified</pose>
		<truncated>0</truncated>
		<difficult>0</difficult>
		<bndbox>
			<xmin>521</xmin>
			<ymin>327</ymin>
			<xmax>729</xmax>
			<ymax>377</ymax>
		</bndbox>
	</object>
</annotation>
