<annotation>
	<folder>JPEGImages</folder>
	<filename>7G0FOALG.jpg</filename>
	<path>D:\Work\Kaggle\TinyMind人民币面值&amp;冠字号编码识别挑战赛\JPEGImages\7G0FOALG.jpg</path>
	<source>
		<database>Unknown</database>
	</source>
	<size>
		<width>1068</width>
		<height>503</height>
		<depth>3</depth>
	</size>
	<segmented>0</segmented>
	<object>
		<name>zipcode</name>
		<pose>Unspecified</pose>
		<truncated>0</truncated>
		<difficult>0</difficult>
		<bndbox>
			<xmin>584</xmin>
			<ymin>380</ymin>
			<xmax>814</xmax>
			<ymax>431</ymax>
		</bndbox>
	</object>
</annotation>
