<annotation>
	<folder>JPEGImages</folder>
	<filename>8O749EH6.jpg</filename>
	<path>D:\Work\Kaggle\TinyMind人民币面值&amp;冠字号编码识别挑战赛\JPEGImages\8O749EH6.jpg</path>
	<source>
		<database>Unknown</database>
	</source>
	<size>
		<width>705</width>
		<height>355</height>
		<depth>3</depth>
	</size>
	<segmented>0</segmented>
	<object>
		<name>zipcode</name>
		<pose>Unspecified</pose>
		<truncated>0</truncated>
		<difficult>0</difficult>
		<bndbox>
			<xmin>366</xmin>
			<ymin>248</ymin>
			<xmax>507</xmax>
			<ymax>289</ymax>
		</bndbox>
	</object>
</annotation>
