<annotation>
	<folder>JPEGImages</folder>
	<filename>8ONH4ZFA.jpg</filename>
	<path>D:\Work\Kaggle\TinyMind人民币面值&amp;冠字号编码识别挑战赛\JPEGImages\8ONH4ZFA.jpg</path>
	<source>
		<database>Unknown</database>
	</source>
	<size>
		<width>867</width>
		<height>428</height>
		<depth>3</depth>
	</size>
	<segmented>0</segmented>
	<object>
		<name>zipcode</name>
		<pose>Unspecified</pose>
		<truncated>0</truncated>
		<difficult>0</difficult>
		<bndbox>
			<xmin>193</xmin>
			<ymin>311</ymin>
			<xmax>371</xmax>
			<ymax>362</ymax>
		</bndbox>
	</object>
</annotation>
