<annotation>
	<folder>JPEGImages</folder>
	<filename>8PGCXL4A.jpg</filename>
	<path>D:\Work\Kaggle\TinyMind人民币面值&amp;冠字号编码识别挑战赛\JPEGImages\8PGCXL4A.jpg</path>
	<source>
		<database>Unknown</database>
	</source>
	<size>
		<width>1169</width>
		<height>529</height>
		<depth>3</depth>
	</size>
	<segmented>0</segmented>
	<object>
		<name>zipcode</name>
		<pose>Unspecified</pose>
		<truncated>0</truncated>
		<difficult>0</difficult>
		<bndbox>
			<xmin>652</xmin>
			<ymin>422</ymin>
			<xmax>871</xmax>
			<ymax>475</ymax>
		</bndbox>
	</object>
</annotation>
