<annotation>
	<folder>JPEGImages</folder>
	<filename>9A0PZ42H.jpg</filename>
	<path>D:\Work\Kaggle\TinyMind人民币面值&amp;冠字号编码识别挑战赛\JPEGImages\9A0PZ42H.jpg</path>
	<source>
		<database>Unknown</database>
	</source>
	<size>
		<width>801</width>
		<height>427</height>
		<depth>3</depth>
	</size>
	<segmented>0</segmented>
	<object>
		<name>zipcode</name>
		<pose>Unspecified</pose>
		<truncated>0</truncated>
		<difficult>0</difficult>
		<bndbox>
			<xmin>600</xmin>
			<ymin>211</ymin>
			<xmax>737</xmax>
			<ymax>245</ymax>
		</bndbox>
	</object>
</annotation>
