<annotation>
	<folder>JPEGImages</folder>
	<filename>9KOE2HRU.jpg</filename>
	<path>D:\Work\Kaggle\TinyMind人民币面值&amp;冠字号编码识别挑战赛\JPEGImages\9KOE2HRU.jpg</path>
	<source>
		<database>Unknown</database>
	</source>
	<size>
		<width>1092</width>
		<height>563</height>
		<depth>3</depth>
	</size>
	<segmented>0</segmented>
	<object>
		<name>zipcode</name>
		<pose>Unspecified</pose>
		<truncated>0</truncated>
		<difficult>0</difficult>
		<bndbox>
			<xmin>823</xmin>
			<ymin>302</ymin>
			<xmax>1041</xmax>
			<ymax>354</ymax>
		</bndbox>
	</object>
</annotation>
