<annotation>
	<folder>JPEGImages</folder>
	<filename>9PC5UY28.jpg</filename>
	<path>D:\Work\Kaggle\TinyMind人民币面值&amp;冠字号编码识别挑战赛\JPEGImages\9PC5UY28.jpg</path>
	<source>
		<database>Unknown</database>
	</source>
	<size>
		<width>703</width>
		<height>343</height>
		<depth>3</depth>
	</size>
	<segmented>0</segmented>
	<object>
		<name>zipcode</name>
		<pose>Unspecified</pose>
		<truncated>0</truncated>
		<difficult>0</difficult>
		<bndbox>
			<xmin>370</xmin>
			<ymin>247</ymin>
			<xmax>509</xmax>
			<ymax>288</ymax>
		</bndbox>
	</object>
</annotation>
