<annotation>
	<folder>JPEGImages</folder>
	<filename>A0FKIO7R.jpg</filename>
	<path>D:\Work\Kaggle\TinyMind人民币面值&amp;冠字号编码识别挑战赛\JPEGImages\A0FKIO7R.jpg</path>
	<source>
		<database>Unknown</database>
	</source>
	<size>
		<width>630</width>
		<height>322</height>
		<depth>3</depth>
	</size>
	<segmented>0</segmented>
	<object>
		<name>zipcode</name>
		<pose>Unspecified</pose>
		<truncated>0</truncated>
		<difficult>0</difficult>
		<bndbox>
			<xmin>145</xmin>
			<ymin>223</ymin>
			<xmax>270</xmax>
			<ymax>255</ymax>
		</bndbox>
	</object>
</annotation>
