<annotation>
	<folder>JPEGImages</folder>
	<filename>AL5SZCG3.jpg</filename>
	<path>D:\Work\Kaggle\TinyMind人民币面值&amp;冠字号编码识别挑战赛\JPEGImages\AL5SZCG3.jpg</path>
	<source>
		<database>Unknown</database>
	</source>
	<size>
		<width>929</width>
		<height>440</height>
		<depth>3</depth>
	</size>
	<segmented>0</segmented>
	<object>
		<name>zipcode</name>
		<pose>Unspecified</pose>
		<truncated>0</truncated>
		<difficult>0</difficult>
		<bndbox>
			<xmin>337</xmin>
			<ymin>333</ymin>
			<xmax>524</xmax>
			<ymax>380</ymax>
		</bndbox>
	</object>
</annotation>
