<annotation>
	<folder>JPEGImages</folder>
	<filename>B9ZY3LXM.jpg</filename>
	<path>D:\Work\Kaggle\TinyMind人民币面值&amp;冠字号编码识别挑战赛\JPEGImages\B9ZY3LXM.jpg</path>
	<source>
		<database>Unknown</database>
	</source>
	<size>
		<width>978</width>
		<height>445</height>
		<depth>3</depth>
	</size>
	<segmented>0</segmented>
	<object>
		<name>zipcode</name>
		<pose>Unspecified</pose>
		<truncated>0</truncated>
		<difficult>0</difficult>
		<bndbox>
			<xmin>527</xmin>
			<ymin>334</ymin>
			<xmax>728</xmax>
			<ymax>378</ymax>
		</bndbox>
	</object>
</annotation>
