<annotation>
	<folder>JPEGImages</folder>
	<filename>BHCAZWT0.jpg</filename>
	<path>D:\Work\Kaggle\TinyMind人民币面值&amp;冠字号编码识别挑战赛\JPEGImages\BHCAZWT0.jpg</path>
	<source>
		<database>Unknown</database>
	</source>
	<size>
		<width>831</width>
		<height>394</height>
		<depth>3</depth>
	</size>
	<segmented>0</segmented>
	<object>
		<name>zipcode</name>
		<pose>Unspecified</pose>
		<truncated>0</truncated>
		<difficult>0</difficult>
		<bndbox>
			<xmin>285</xmin>
			<ymin>290</ymin>
			<xmax>480</xmax>
			<ymax>337</ymax>
		</bndbox>
	</object>
</annotation>
