<annotation>
	<folder>JPEGImages</folder>
	<filename>BRZHWU04.jpg</filename>
	<path>D:\Work\Kaggle\TinyMind人民币面值&amp;冠字号编码识别挑战赛\JPEGImages\BRZHWU04.jpg</path>
	<source>
		<database>Unknown</database>
	</source>
	<size>
		<width>1157</width>
		<height>548</height>
		<depth>3</depth>
	</size>
	<segmented>0</segmented>
	<object>
		<name>zipcode</name>
		<pose>Unspecified</pose>
		<truncated>0</truncated>
		<difficult>0</difficult>
		<bndbox>
			<xmin>618</xmin>
			<ymin>427</ymin>
			<xmax>894</xmax>
			<ymax>491</ymax>
		</bndbox>
	</object>
</annotation>
