<annotation>
	<folder>JPEGImages</folder>
	<filename>BY7AKZQL.jpg</filename>
	<path>D:\Work\Kaggle\TinyMind人民币面值&amp;冠字号编码识别挑战赛\JPEGImages\BY7AKZQL.jpg</path>
	<source>
		<database>Unknown</database>
	</source>
	<size>
		<width>1183</width>
		<height>536</height>
		<depth>3</depth>
	</size>
	<segmented>0</segmented>
	<object>
		<name>zipcode</name>
		<pose>Unspecified</pose>
		<truncated>0</truncated>
		<difficult>0</difficult>
		<bndbox>
			<xmin>655</xmin>
			<ymin>435</ymin>
			<xmax>893</xmax>
			<ymax>486</ymax>
		</bndbox>
	</object>
</annotation>
