<annotation>
	<folder>JPEGImages</folder>
	<filename>C31VW9AQ.jpg</filename>
	<path>D:\Work\Kaggle\TinyMind人民币面值&amp;冠字号编码识别挑战赛\JPEGImages\C31VW9AQ.jpg</path>
	<source>
		<database>Unknown</database>
	</source>
	<size>
		<width>809</width>
		<height>427</height>
		<depth>3</depth>
	</size>
	<segmented>0</segmented>
	<object>
		<name>zipcode</name>
		<pose>Unspecified</pose>
		<truncated>0</truncated>
		<difficult>0</difficult>
		<bndbox>
			<xmin>592</xmin>
			<ymin>220</ymin>
			<xmax>743</xmax>
			<ymax>260</ymax>
		</bndbox>
	</object>
</annotation>
