<annotation>
	<folder>JPEGImages</folder>
	<filename>C9BNI1YO.jpg</filename>
	<path>D:\Work\Kaggle\TinyMind人民币面值&amp;冠字号编码识别挑战赛\JPEGImages\C9BNI1YO.jpg</path>
	<source>
		<database>Unknown</database>
	</source>
	<size>
		<width>711</width>
		<height>361</height>
		<depth>3</depth>
	</size>
	<segmented>0</segmented>
	<object>
		<name>zipcode</name>
		<pose>Unspecified</pose>
		<truncated>0</truncated>
		<difficult>0</difficult>
		<bndbox>
			<xmin>367</xmin>
			<ymin>258</ymin>
			<xmax>505</xmax>
			<ymax>289</ymax>
		</bndbox>
	</object>
</annotation>
