<annotation>
	<folder>JPEGImages</folder>
	<filename>CIGW03YQ.jpg</filename>
	<path>D:\Work\Kaggle\TinyMind人民币面值&amp;冠字号编码识别挑战赛\JPEGImages\CIGW03YQ.jpg</path>
	<source>
		<database>Unknown</database>
	</source>
	<size>
		<width>803</width>
		<height>429</height>
		<depth>3</depth>
	</size>
	<segmented>0</segmented>
	<object>
		<name>zipcode</name>
		<pose>Unspecified</pose>
		<truncated>0</truncated>
		<difficult>0</difficult>
		<bndbox>
			<xmin>590</xmin>
			<ymin>218</ymin>
			<xmax>734</xmax>
			<ymax>253</ymax>
		</bndbox>
	</object>
</annotation>
