<annotation>
	<folder>JPEGImages</folder>
	<filename>D1ZA9CU4.jpg</filename>
	<path>D:\Work\Kaggle\TinyMind人民币面值&amp;冠字号编码识别挑战赛\JPEGImages\D1ZA9CU4.jpg</path>
	<source>
		<database>Unknown</database>
	</source>
	<size>
		<width>710</width>
		<height>355</height>
		<depth>3</depth>
	</size>
	<segmented>0</segmented>
	<object>
		<name>zipcode</name>
		<pose>Unspecified</pose>
		<truncated>0</truncated>
		<difficult>0</difficult>
		<bndbox>
			<xmin>371</xmin>
			<ymin>250</ymin>
			<xmax>508</xmax>
			<ymax>286</ymax>
		</bndbox>
	</object>
</annotation>
