<annotation>
	<folder>JPEGImages</folder>
	<filename>DFXSBH60.jpg</filename>
	<path>D:\Work\Kaggle\TinyMind人民币面值&amp;冠字号编码识别挑战赛\JPEGImages\DFXSBH60.jpg</path>
	<source>
		<database>Unknown</database>
	</source>
	<size>
		<width>597</width>
		<height>317</height>
		<depth>3</depth>
	</size>
	<segmented>0</segmented>
	<object>
		<name>zipcode</name>
		<pose>Unspecified</pose>
		<truncated>0</truncated>
		<difficult>0</difficult>
		<bndbox>
			<xmin>210</xmin>
			<ymin>223</ymin>
			<xmax>331</xmax>
			<ymax>257</ymax>
		</bndbox>
	</object>
</annotation>
