<annotation>
	<folder>JPEGImages</folder>
	<filename>DLI0YW8X.jpg</filename>
	<path>D:\Work\Kaggle\TinyMind人民币面值&amp;冠字号编码识别挑战赛\JPEGImages\DLI0YW8X.jpg</path>
	<source>
		<database>Unknown</database>
	</source>
	<size>
		<width>990</width>
		<height>484</height>
		<depth>3</depth>
	</size>
	<segmented>0</segmented>
	<object>
		<name>zipcode</name>
		<pose>Unspecified</pose>
		<truncated>0</truncated>
		<difficult>0</difficult>
		<bndbox>
			<xmin>521</xmin>
			<ymin>345</ymin>
			<xmax>722</xmax>
			<ymax>403</ymax>
		</bndbox>
	</object>
</annotation>
