<annotation>
	<folder>JPEGImages</folder>
	<filename>EBYOLPZ9.jpg</filename>
	<path>D:\Work\Kaggle\TinyMind人民币面值&amp;冠字号编码识别挑战赛\VOC2007\JPEGImages\EBYOLPZ9.jpg</path>
	<source>
		<database>Unknown</database>
	</source>
	<size>
		<width>904</width>
		<height>599</height>
		<depth>3</depth>
	</size>
	<segmented>0</segmented>
	<object>
		<name>zipcode</name>
		<pose>Unspecified</pose>
		<truncated>0</truncated>
		<difficult>0</difficult>
		<bndbox>
			<xmin>605</xmin>
			<ymin>313</ymin>
			<xmax>829</xmax>
			<ymax>364</ymax>
		</bndbox>
	</object>
</annotation>
