<annotation>
	<folder>JPEGImages</folder>
	<filename>ECBP6GHZ.jpg</filename>
	<path>D:\Work\Kaggle\TinyMind人民币面值&amp;冠字号编码识别挑战赛\JPEGImages\ECBP6GHZ.jpg</path>
	<source>
		<database>Unknown</database>
	</source>
	<size>
		<width>833</width>
		<height>402</height>
		<depth>3</depth>
	</size>
	<segmented>0</segmented>
	<object>
		<name>zipcode</name>
		<pose>Unspecified</pose>
		<truncated>0</truncated>
		<difficult>0</difficult>
		<bndbox>
			<xmin>292</xmin>
			<ymin>292</ymin>
			<xmax>470</xmax>
			<ymax>345</ymax>
		</bndbox>
	</object>
</annotation>
