<annotation>
	<folder>JPEGImages</folder>
	<filename>ELCKGM9G.jpg</filename>
	<path>D:\Work\Kaggle\TinyMind人民币面值&amp;冠字号编码识别挑战赛\VOC2007\JPEGImages\ELCKGM9G.jpg</path>
	<source>
		<database>Unknown</database>
	</source>
	<size>
		<width>1854</width>
		<height>340</height>
		<depth>3</depth>
	</size>
	<segmented>0</segmented>
	<object>
		<name>zipcode</name>
		<pose>Unspecified</pose>
		<truncated>0</truncated>
		<difficult>0</difficult>
		<bndbox>
			<xmin>466</xmin>
			<ymin>186</ymin>
			<xmax>689</xmax>
			<ymax>245</ymax>
		</bndbox>
	</object>
</annotation>
