<annotation>
	<folder>JPEGImages</folder>
	<filename>EOANK8GL.jpg</filename>
	<path>D:\Work\Kaggle\TinyMind人民币面值&amp;冠字号编码识别挑战赛\JPEGImages\EOANK8GL.jpg</path>
	<source>
		<database>Unknown</database>
	</source>
	<size>
		<width>1083</width>
		<height>526</height>
		<depth>3</depth>
	</size>
	<segmented>0</segmented>
	<object>
		<name>zipcode</name>
		<pose>Unspecified</pose>
		<truncated>0</truncated>
		<difficult>0</difficult>
		<bndbox>
			<xmin>577</xmin>
			<ymin>380</ymin>
			<xmax>789</xmax>
			<ymax>437</ymax>
		</bndbox>
	</object>
</annotation>
