<annotation>
	<folder>JPEGImages</folder>
	<filename>EOVW8FLR.jpg</filename>
	<path>D:\Work\Kaggle\TinyMind人民币面值&amp;冠字号编码识别挑战赛\JPEGImages\EOVW8FLR.jpg</path>
	<source>
		<database>Unknown</database>
	</source>
	<size>
		<width>1304</width>
		<height>600</height>
		<depth>3</depth>
	</size>
	<segmented>0</segmented>
	<object>
		<name>zipcode</name>
		<pose>Unspecified</pose>
		<truncated>0</truncated>
		<difficult>0</difficult>
		<bndbox>
			<xmin>702</xmin>
			<ymin>462</ymin>
			<xmax>987</xmax>
			<ymax>523</ymax>
		</bndbox>
	</object>
</annotation>
