<annotation>
	<folder>JPEGImages</folder>
	<filename>EZNV95PI.jpg</filename>
	<path>D:\Work\Kaggle\TinyMind人民币面值&amp;冠字号编码识别挑战赛\JPEGImages\EZNV95PI.jpg</path>
	<source>
		<database>Unknown</database>
	</source>
	<size>
		<width>1234</width>
		<height>585</height>
		<depth>3</depth>
	</size>
	<segmented>0</segmented>
	<object>
		<name>zipcode</name>
		<pose>Unspecified</pose>
		<truncated>0</truncated>
		<difficult>0</difficult>
		<bndbox>
			<xmin>438</xmin>
			<ymin>453</ymin>
			<xmax>717</xmax>
			<ymax>522</ymax>
		</bndbox>
	</object>
</annotation>
