<annotation>
	<folder>JPEGImages</folder>
	<filename>F8GC275K.jpg</filename>
	<path>D:\Work\Kaggle\TinyMind人民币面值&amp;冠字号编码识别挑战赛\JPEGImages\F8GC275K.jpg</path>
	<source>
		<database>Unknown</database>
	</source>
	<size>
		<width>1431</width>
		<height>600</height>
		<depth>3</depth>
	</size>
	<segmented>0</segmented>
	<object>
		<name>zipcode</name>
		<pose>Unspecified</pose>
		<truncated>0</truncated>
		<difficult>0</difficult>
		<bndbox>
			<xmin>774</xmin>
			<ymin>497</ymin>
			<xmax>1085</xmax>
			<ymax>574</ymax>
		</bndbox>
	</object>
</annotation>
