<annotation>
	<folder>JPEGImages</folder>
	<filename>FCEONG8H.jpg</filename>
	<path>D:\Work\Kaggle\TinyMind人民币面值&amp;冠字号编码识别挑战赛\JPEGImages\FCEONG8H.jpg</path>
	<source>
		<database>Unknown</database>
	</source>
	<size>
		<width>1057</width>
		<height>510</height>
		<depth>3</depth>
	</size>
	<segmented>0</segmented>
	<object>
		<name>zipcode</name>
		<pose>Unspecified</pose>
		<truncated>0</truncated>
		<difficult>0</difficult>
		<bndbox>
			<xmin>580</xmin>
			<ymin>386</ymin>
			<xmax>786</xmax>
			<ymax>438</ymax>
		</bndbox>
	</object>
</annotation>
