<annotation>
	<folder>JPEGImages</folder>
	<filename>FIP8LZ4B.jpg</filename>
	<path>D:\Work\Kaggle\TinyMind人民币面值&amp;冠字号编码识别挑战赛\JPEGImages\FIP8LZ4B.jpg</path>
	<source>
		<database>Unknown</database>
	</source>
	<size>
		<width>1012</width>
		<height>493</height>
		<depth>3</depth>
	</size>
	<segmented>0</segmented>
	<object>
		<name>zipcode</name>
		<pose>Unspecified</pose>
		<truncated>0</truncated>
		<difficult>0</difficult>
		<bndbox>
			<xmin>552</xmin>
			<ymin>348</ymin>
			<xmax>759</xmax>
			<ymax>399</ymax>
		</bndbox>
	</object>
</annotation>
