<annotation>
	<folder>JPEGImages</folder>
	<filename>FM3TG84C.jpg</filename>
	<path>D:\Work\Kaggle\TinyMind人民币面值&amp;冠字号编码识别挑战赛\JPEGImages\FM3TG84C.jpg</path>
	<source>
		<database>Unknown</database>
	</source>
	<size>
		<width>1158</width>
		<height>587</height>
		<depth>3</depth>
	</size>
	<segmented>0</segmented>
	<object>
		<name>zipcode</name>
		<pose>Unspecified</pose>
		<truncated>0</truncated>
		<difficult>0</difficult>
		<bndbox>
			<xmin>857</xmin>
			<ymin>310</ymin>
			<xmax>1084</xmax>
			<ymax>355</ymax>
		</bndbox>
	</object>
</annotation>
