<annotation>
	<folder>JPEGImages</folder>
	<filename>FXO3L7IW.jpg</filename>
	<path>D:\Work\Kaggle\TinyMind人民币面值&amp;冠字号编码识别挑战赛\JPEGImages\FXO3L7IW.jpg</path>
	<source>
		<database>Unknown</database>
	</source>
	<size>
		<width>726</width>
		<height>360</height>
		<depth>3</depth>
	</size>
	<segmented>0</segmented>
	<object>
		<name>zipcode</name>
		<pose>Unspecified</pose>
		<truncated>0</truncated>
		<difficult>0</difficult>
		<bndbox>
			<xmin>381</xmin>
			<ymin>256</ymin>
			<xmax>522</xmax>
			<ymax>300</ymax>
		</bndbox>
	</object>
</annotation>
