<annotation>
	<folder>JPEGImages</folder>
	<filename>GBX5D7PZ.jpg</filename>
	<path>D:\Work\Kaggle\TinyMind人民币面值&amp;冠字号编码识别挑战赛\JPEGImages\GBX5D7PZ.jpg</path>
	<source>
		<database>Unknown</database>
	</source>
	<size>
		<width>866</width>
		<height>427</height>
		<depth>3</depth>
	</size>
	<segmented>0</segmented>
	<object>
		<name>zipcode</name>
		<pose>Unspecified</pose>
		<truncated>0</truncated>
		<difficult>0</difficult>
		<bndbox>
			<xmin>188</xmin>
			<ymin>315</ymin>
			<xmax>368</xmax>
			<ymax>366</ymax>
		</bndbox>
	</object>
</annotation>
