<annotation>
	<folder>JPEGImages</folder>
	<filename>GC2PO30H.jpg</filename>
	<path>D:\Work\Kaggle\TinyMind人民币面值&amp;冠字号编码识别挑战赛\JPEGImages\GC2PO30H.jpg</path>
	<source>
		<database>Unknown</database>
	</source>
	<size>
		<width>821</width>
		<height>398</height>
		<depth>3</depth>
	</size>
	<segmented>0</segmented>
	<object>
		<name>zipcode</name>
		<pose>Unspecified</pose>
		<truncated>0</truncated>
		<difficult>0</difficult>
		<bndbox>
			<xmin>287</xmin>
			<ymin>294</ymin>
			<xmax>463</xmax>
			<ymax>341</ymax>
		</bndbox>
	</object>
</annotation>
