<annotation>
	<folder>JPEGImages</folder>
	<filename>GEMAPDGF.jpg</filename>
	<path>D:\Work\Kaggle\TinyMind人民币面值&amp;冠字号编码识别挑战赛\JPEGImages\GEMAPDGF.jpg</path>
	<source>
		<database>Unknown</database>
	</source>
	<size>
		<width>1053</width>
		<height>480</height>
		<depth>3</depth>
	</size>
	<segmented>0</segmented>
	<object>
		<name>zipcode</name>
		<pose>Unspecified</pose>
		<truncated>0</truncated>
		<difficult>0</difficult>
		<bndbox>
			<xmin>564</xmin>
			<ymin>367</ymin>
			<xmax>777</xmax>
			<ymax>420</ymax>
		</bndbox>
	</object>
</annotation>
