<annotation>
	<folder>JPEGImages</folder>
	<filename>GGZSYP5V.jpg</filename>
	<path>D:\Work\Kaggle\TinyMind人民币面值&amp;冠字号编码识别挑战赛\JPEGImages\GGZSYP5V.jpg</path>
	<source>
		<database>Unknown</database>
	</source>
	<size>
		<width>691</width>
		<height>326</height>
		<depth>3</depth>
	</size>
	<segmented>0</segmented>
	<object>
		<name>zipcode</name>
		<pose>Unspecified</pose>
		<truncated>0</truncated>
		<difficult>0</difficult>
		<bndbox>
			<xmin>364</xmin>
			<ymin>240</ymin>
			<xmax>514</xmax>
			<ymax>278</ymax>
		</bndbox>
	</object>
</annotation>
