<annotation>
	<folder>JPEGImages</folder>
	<filename>GPZOFKWY.jpg</filename>
	<path>D:\Work\Kaggle\TinyMind人民币面值&amp;冠字号编码识别挑战赛\JPEGImages\GPZOFKWY.jpg</path>
	<source>
		<database>Unknown</database>
	</source>
	<size>
		<width>761</width>
		<height>397</height>
		<depth>3</depth>
	</size>
	<segmented>0</segmented>
	<object>
		<name>zipcode</name>
		<pose>Unspecified</pose>
		<truncated>0</truncated>
		<difficult>0</difficult>
		<bndbox>
			<xmin>409</xmin>
			<ymin>266</ymin>
			<xmax>552</xmax>
			<ymax>307</ymax>
		</bndbox>
	</object>
</annotation>
