<annotation>
	<folder>JPEGImages</folder>
	<filename>H2E89DMW.jpg</filename>
	<path>D:\Work\Kaggle\TinyMind人民币面值&amp;冠字号编码识别挑战赛\JPEGImages\H2E89DMW.jpg</path>
	<source>
		<database>Unknown</database>
	</source>
	<size>
		<width>1107</width>
		<height>532</height>
		<depth>3</depth>
	</size>
	<segmented>0</segmented>
	<object>
		<name>zipcode</name>
		<pose>Unspecified</pose>
		<truncated>0</truncated>
		<difficult>0</difficult>
		<bndbox>
			<xmin>575</xmin>
			<ymin>406</ymin>
			<xmax>822</xmax>
			<ymax>459</ymax>
		</bndbox>
	</object>
</annotation>
