<annotation>
	<folder>JPEGImages</folder>
	<filename>HICYRQVD.jpg</filename>
	<path>D:\Work\Kaggle\TinyMind人民币面值&amp;冠字号编码识别挑战赛\JPEGImages\HICYRQVD.jpg</path>
	<source>
		<database>Unknown</database>
	</source>
	<size>
		<width>1129</width>
		<height>582</height>
		<depth>3</depth>
	</size>
	<segmented>0</segmented>
	<object>
		<name>zipcode</name>
		<pose>Unspecified</pose>
		<truncated>0</truncated>
		<difficult>0</difficult>
		<bndbox>
			<xmin>829</xmin>
			<ymin>309</ymin>
			<xmax>1043</xmax>
			<ymax>350</ymax>
		</bndbox>
	</object>
</annotation>
