<annotation>
	<folder>JPEGImages</folder>
	<filename>IA8RB56G.jpg</filename>
	<path>D:\Work\Kaggle\TinyMind人民币面值&amp;冠字号编码识别挑战赛\JPEGImages\IA8RB56G.jpg</path>
	<source>
		<database>Unknown</database>
	</source>
	<size>
		<width>796</width>
		<height>406</height>
		<depth>3</depth>
	</size>
	<segmented>0</segmented>
	<object>
		<name>zipcode</name>
		<pose>Unspecified</pose>
		<truncated>0</truncated>
		<difficult>0</difficult>
		<bndbox>
			<xmin>271</xmin>
			<ymin>290</ymin>
			<xmax>446</xmax>
			<ymax>332</ymax>
		</bndbox>
	</object>
</annotation>
