<annotation>
	<folder>JPEGImages</folder>
	<filename>IATGQVDO.jpg</filename>
	<path>D:\Work\Kaggle\TinyMind人民币面值&amp;冠字号编码识别挑战赛\JPEGImages\IATGQVDO.jpg</path>
	<source>
		<database>Unknown</database>
	</source>
	<size>
		<width>609</width>
		<height>306</height>
		<depth>3</depth>
	</size>
	<segmented>0</segmented>
	<object>
		<name>zipcode</name>
		<pose>Unspecified</pose>
		<truncated>0</truncated>
		<difficult>0</difficult>
		<bndbox>
			<xmin>144</xmin>
			<ymin>219</ymin>
			<xmax>269</xmax>
			<ymax>248</ymax>
		</bndbox>
	</object>
</annotation>
