<annotation>
	<folder>JPEGImages</folder>
	<filename>IKVF0GBW.jpg</filename>
	<path>D:\Work\Kaggle\TinyMind人民币面值&amp;冠字号编码识别挑战赛\JPEGImages\IKVF0GBW.jpg</path>
	<source>
		<database>Unknown</database>
	</source>
	<size>
		<width>1120</width>
		<height>574</height>
		<depth>3</depth>
	</size>
	<segmented>0</segmented>
	<object>
		<name>zipcode</name>
		<pose>Unspecified</pose>
		<truncated>0</truncated>
		<difficult>0</difficult>
		<bndbox>
			<xmin>824</xmin>
			<ymin>302</ymin>
			<xmax>1043</xmax>
			<ymax>343</ymax>
		</bndbox>
	</object>
</annotation>
