<annotation>
	<folder>JPEGImages</folder>
	<filename>ILOU5E34.jpg</filename>
	<path>D:\Work\Kaggle\TinyMind人民币面值&amp;冠字号编码识别挑战赛\JPEGImages\ILOU5E34.jpg</path>
	<source>
		<database>Unknown</database>
	</source>
	<size>
		<width>1132</width>
		<height>589</height>
		<depth>3</depth>
	</size>
	<segmented>0</segmented>
	<object>
		<name>zipcode</name>
		<pose>Unspecified</pose>
		<truncated>0</truncated>
		<difficult>0</difficult>
		<bndbox>
			<xmin>839</xmin>
			<ymin>312</ymin>
			<xmax>1050</xmax>
			<ymax>353</ymax>
		</bndbox>
	</object>
</annotation>
