<annotation>
	<folder>JPEGImages</folder>
	<filename>IQ49K0BM.jpg</filename>
	<path>D:\Work\Kaggle\TinyMind人民币面值&amp;冠字号编码识别挑战赛\JPEGImages\IQ49K0BM.jpg</path>
	<source>
		<database>Unknown</database>
	</source>
	<size>
		<width>595</width>
		<height>300</height>
		<depth>3</depth>
	</size>
	<segmented>0</segmented>
	<object>
		<name>zipcode</name>
		<pose>Unspecified</pose>
		<truncated>0</truncated>
		<difficult>0</difficult>
		<bndbox>
			<xmin>209</xmin>
			<ymin>215</ymin>
			<xmax>327</xmax>
			<ymax>245</ymax>
		</bndbox>
	</object>
</annotation>
