<annotation>
	<folder>JPEGImages</folder>
	<filename>L7EUOGV5.jpg</filename>
	<path>D:\Work\Kaggle\TinyMind人民币面值&amp;冠字号编码识别挑战赛\VOC2007\JPEGImages\L7EUOGV5.jpg</path>
	<source>
		<database>Unknown</database>
	</source>
	<size>
		<width>1048</width>
		<height>529</height>
		<depth>3</depth>
	</size>
	<segmented>0</segmented>
	<object>
		<name>zipcode</name>
		<pose>Unspecified</pose>
		<truncated>0</truncated>
		<difficult>0</difficult>
		<bndbox>
			<xmin>565</xmin>
			<ymin>375</ymin>
			<xmax>768</xmax>
			<ymax>430</ymax>
		</bndbox>
	</object>
</annotation>
