<annotation>
	<folder>JPEGImages</folder>
	<filename>LC57X6DZ.jpg</filename>
	<path>D:\Work\Kaggle\TinyMind人民币面值&amp;冠字号编码识别挑战赛\VOC2007\JPEGImages\LC57X6DZ.jpg</path>
	<source>
		<database>Unknown</database>
	</source>
	<size>
		<width>1165</width>
		<height>565</height>
		<depth>3</depth>
	</size>
	<segmented>0</segmented>
	<object>
		<name>zipcode</name>
		<pose>Unspecified</pose>
		<truncated>0</truncated>
		<difficult>0</difficult>
		<bndbox>
			<xmin>644</xmin>
			<ymin>423</ymin>
			<xmax>874</xmax>
			<ymax>486</ymax>
		</bndbox>
	</object>
</annotation>
