<annotation>
	<folder>JPEGImages</folder>
	<filename>LVXG1WDE.jpg</filename>
	<path>D:\Work\Kaggle\TinyMind人民币面值&amp;冠字号编码识别挑战赛\VOC2007\JPEGImages\LVXG1WDE.jpg</path>
	<source>
		<database>Unknown</database>
	</source>
	<size>
		<width>854</width>
		<height>410</height>
		<depth>3</depth>
	</size>
	<segmented>0</segmented>
	<object>
		<name>zipcode</name>
		<pose>Unspecified</pose>
		<truncated>0</truncated>
		<difficult>0</difficult>
		<bndbox>
			<xmin>191</xmin>
			<ymin>308</ymin>
			<xmax>372</xmax>
			<ymax>353</ymax>
		</bndbox>
	</object>
</annotation>
