<annotation>
	<folder>JPEGImages</folder>
	<filename>LW3T2SCD.jpg</filename>
	<path>D:\Work\Kaggle\TinyMind人民币面值&amp;冠字号编码识别挑战赛\VOC2007\JPEGImages\LW3T2SCD.jpg</path>
	<source>
		<database>Unknown</database>
	</source>
	<size>
		<width>798</width>
		<height>408</height>
		<depth>3</depth>
	</size>
	<segmented>0</segmented>
	<object>
		<name>zipcode</name>
		<pose>Unspecified</pose>
		<truncated>0</truncated>
		<difficult>0</difficult>
		<bndbox>
			<xmin>264</xmin>
			<ymin>291</ymin>
			<xmax>448</xmax>
			<ymax>340</ymax>
		</bndbox>
	</object>
</annotation>
