<annotation>
	<folder>JPEGImages</folder>
	<filename>MAFKUPCQ.jpg</filename>
	<path>D:\Work\Kaggle\TinyMind人民币面值&amp;冠字号编码识别挑战赛\VOC2007\JPEGImages\MAFKUPCQ.jpg</path>
	<source>
		<database>Unknown</database>
	</source>
	<size>
		<width>1371</width>
		<height>600</height>
		<depth>3</depth>
	</size>
	<segmented>0</segmented>
	<object>
		<name>zipcode</name>
		<pose>Unspecified</pose>
		<truncated>0</truncated>
		<difficult>0</difficult>
		<bndbox>
			<xmin>754</xmin>
			<ymin>498</ymin>
			<xmax>1057</xmax>
			<ymax>567</ymax>
		</bndbox>
	</object>
</annotation>
