<annotation>
	<folder>JPEGImages</folder>
	<filename>MD0A3BZL.jpg</filename>
	<path>D:\Work\Kaggle\TinyMind人民币面值&amp;冠字号编码识别挑战赛\VOC2007\JPEGImages\MD0A3BZL.jpg</path>
	<source>
		<database>Unknown</database>
	</source>
	<size>
		<width>1141</width>
		<height>533</height>
		<depth>3</depth>
	</size>
	<segmented>0</segmented>
	<object>
		<name>zipcode</name>
		<pose>Unspecified</pose>
		<truncated>0</truncated>
		<difficult>0</difficult>
		<bndbox>
			<xmin>370</xmin>
			<ymin>418</ymin>
			<xmax>636</xmax>
			<ymax>483</ymax>
		</bndbox>
	</object>
</annotation>
