<annotation>
	<folder>JPEGImages</folder>
	<filename>MEQ13G9R.jpg</filename>
	<path>D:\Work\Kaggle\TinyMind人民币面值&amp;冠字号编码识别挑战赛\VOC2007\JPEGImages\MEQ13G9R.jpg</path>
	<source>
		<database>Unknown</database>
	</source>
	<size>
		<width>814</width>
		<height>426</height>
		<depth>3</depth>
	</size>
	<segmented>0</segmented>
	<object>
		<name>zipcode</name>
		<pose>Unspecified</pose>
		<truncated>0</truncated>
		<difficult>0</difficult>
		<bndbox>
			<xmin>599</xmin>
			<ymin>223</ymin>
			<xmax>748</xmax>
			<ymax>259</ymax>
		</bndbox>
	</object>
</annotation>
