<annotation>
	<folder>JPEGImages</folder>
	<filename>MEUIAW2X.jpg</filename>
	<path>D:\Work\Kaggle\TinyMind人民币面值&amp;冠字号编码识别挑战赛\VOC2007\JPEGImages\MEUIAW2X.jpg</path>
	<source>
		<database>Unknown</database>
	</source>
	<size>
		<width>1171</width>
		<height>597</height>
		<depth>3</depth>
	</size>
	<segmented>0</segmented>
	<object>
		<name>zipcode</name>
		<pose>Unspecified</pose>
		<truncated>0</truncated>
		<difficult>0</difficult>
		<bndbox>
			<xmin>652</xmin>
			<ymin>446</ymin>
			<xmax>879</xmax>
			<ymax>502</ymax>
		</bndbox>
	</object>
</annotation>
