<annotation>
	<folder>JPEGImages</folder>
	<filename>MI1BK5OG.jpg</filename>
	<path>D:\Work\Kaggle\TinyMind人民币面值&amp;冠字号编码识别挑战赛\VOC2007\JPEGImages\MI1BK5OG.jpg</path>
	<source>
		<database>Unknown</database>
	</source>
	<size>
		<width>809</width>
		<height>431</height>
		<depth>3</depth>
	</size>
	<segmented>0</segmented>
	<object>
		<name>zipcode</name>
		<pose>Unspecified</pose>
		<truncated>0</truncated>
		<difficult>0</difficult>
		<bndbox>
			<xmin>597</xmin>
			<ymin>222</ymin>
			<xmax>739</xmax>
			<ymax>252</ymax>
		</bndbox>
	</object>
</annotation>
