<annotation>
	<folder>JPEGImages</folder>
	<filename>MYDX6RWQ.jpg</filename>
	<path>D:\Work\Kaggle\TinyMind人民币面值&amp;冠字号编码识别挑战赛\VOC2007\JPEGImages\MYDX6RWQ.jpg</path>
	<source>
		<database>Unknown</database>
	</source>
	<size>
		<width>739</width>
		<height>386</height>
		<depth>3</depth>
	</size>
	<segmented>0</segmented>
	<object>
		<name>zipcode</name>
		<pose>Unspecified</pose>
		<truncated>0</truncated>
		<difficult>0</difficult>
		<bndbox>
			<xmin>404</xmin>
			<ymin>273</ymin>
			<xmax>541</xmax>
			<ymax>306</ymax>
		</bndbox>
	</object>
</annotation>
