<annotation>
	<folder>JPEGImages</folder>
	<filename>MYH7IWC8.jpg</filename>
	<path>D:\Work\Kaggle\TinyMind人民币面值&amp;冠字号编码识别挑战赛\VOC2007\JPEGImages\MYH7IWC8.jpg</path>
	<source>
		<database>Unknown</database>
	</source>
	<size>
		<width>1053</width>
		<height>535</height>
		<depth>3</depth>
	</size>
	<segmented>0</segmented>
	<object>
		<name>zipcode</name>
		<pose>Unspecified</pose>
		<truncated>0</truncated>
		<difficult>0</difficult>
		<bndbox>
			<xmin>561</xmin>
			<ymin>388</ymin>
			<xmax>774</xmax>
			<ymax>435</ymax>
		</bndbox>
	</object>
</annotation>
