<annotation>
	<folder>JPEGImages</folder>
	<filename>N9XUQGYZ.jpg</filename>
	<path>D:\Work\Kaggle\TinyMind人民币面值&amp;冠字号编码识别挑战赛\VOC2007\JPEGImages\N9XUQGYZ.jpg</path>
	<source>
		<database>Unknown</database>
	</source>
	<size>
		<width>741</width>
		<height>361</height>
		<depth>3</depth>
	</size>
	<segmented>0</segmented>
	<object>
		<name>zipcode</name>
		<pose>Unspecified</pose>
		<truncated>0</truncated>
		<difficult>0</difficult>
		<bndbox>
			<xmin>406</xmin>
			<ymin>273</ymin>
			<xmax>551</xmax>
			<ymax>313</ymax>
		</bndbox>
	</object>
</annotation>
