<annotation>
	<folder>JPEGImages</folder>
	<filename>O7QV5216.jpg</filename>
	<path>D:\Work\Kaggle\TinyMind人民币面值&amp;冠字号编码识别挑战赛\VOC2007\JPEGImages\O7QV5216.jpg</path>
	<source>
		<database>Unknown</database>
	</source>
	<size>
		<width>1249</width>
		<height>573</height>
		<depth>3</depth>
	</size>
	<segmented>0</segmented>
	<object>
		<name>zipcode</name>
		<pose>Unspecified</pose>
		<truncated>0</truncated>
		<difficult>0</difficult>
		<bndbox>
			<xmin>417</xmin>
			<ymin>460</ymin>
			<xmax>699</xmax>
			<ymax>525</ymax>
		</bndbox>
	</object>
</annotation>
