<annotation>
	<folder>JPEGImages</folder>
	<filename>OCI30WNP.jpg</filename>
	<path>D:\Work\Kaggle\TinyMind人民币面值&amp;冠字号编码识别挑战赛\VOC2007\JPEGImages\OCI30WNP.jpg</path>
	<source>
		<database>Unknown</database>
	</source>
	<size>
		<width>1241</width>
		<height>599</height>
		<depth>3</depth>
	</size>
	<segmented>0</segmented>
	<object>
		<name>zipcode</name>
		<pose>Unspecified</pose>
		<truncated>0</truncated>
		<difficult>0</difficult>
		<bndbox>
			<xmin>407</xmin>
			<ymin>443</ymin>
			<xmax>709</xmax>
			<ymax>524</ymax>
		</bndbox>
	</object>
</annotation>
