<annotation>
	<folder>JPEGImages</folder>
	<filename>OQ4CMNLB.jpg</filename>
	<path>D:\Work\Kaggle\TinyMind人民币面值&amp;冠字号编码识别挑战赛\VOC2007\JPEGImages\OQ4CMNLB.jpg</path>
	<source>
		<database>Unknown</database>
	</source>
	<size>
		<width>1142</width>
		<height>585</height>
		<depth>3</depth>
	</size>
	<segmented>0</segmented>
	<object>
		<name>zipcode</name>
		<pose>Unspecified</pose>
		<truncated>0</truncated>
		<difficult>0</difficult>
		<bndbox>
			<xmin>851</xmin>
			<ymin>304</ymin>
			<xmax>1073</xmax>
			<ymax>359</ymax>
		</bndbox>
	</object>
</annotation>
