<annotation>
	<folder>JPEGImages</folder>
	<filename>OT0G7R1I.jpg</filename>
	<path>D:\Work\Kaggle\TinyMind人民币面值&amp;冠字号编码识别挑战赛\VOC2007\JPEGImages\OT0G7R1I.jpg</path>
	<source>
		<database>Unknown</database>
	</source>
	<size>
		<width>996</width>
		<height>489</height>
		<depth>3</depth>
	</size>
	<segmented>0</segmented>
	<object>
		<name>zipcode</name>
		<pose>Unspecified</pose>
		<truncated>0</truncated>
		<difficult>0</difficult>
		<bndbox>
			<xmin>523</xmin>
			<ymin>349</ymin>
			<xmax>732</xmax>
			<ymax>402</ymax>
		</bndbox>
	</object>
</annotation>
