<annotation>
	<folder>JPEGImages</folder>
	<filename>OX8V7W39.jpg</filename>
	<path>D:\Work\Kaggle\TinyMind人民币面值&amp;冠字号编码识别挑战赛\VOC2007\JPEGImages\OX8V7W39.jpg</path>
	<source>
		<database>Unknown</database>
	</source>
	<size>
		<width>993</width>
		<height>484</height>
		<depth>3</depth>
	</size>
	<segmented>0</segmented>
	<object>
		<name>zipcode</name>
		<pose>Unspecified</pose>
		<truncated>0</truncated>
		<difficult>0</difficult>
		<bndbox>
			<xmin>518</xmin>
			<ymin>349</ymin>
			<xmax>715</xmax>
			<ymax>402</ymax>
		</bndbox>
	</object>
</annotation>
