<annotation>
	<folder>JPEGImages</folder>
	<filename>PQI8D9LB.jpg</filename>
	<path>D:\Work\Kaggle\TinyMind人民币面值&amp;冠字号编码识别挑战赛\VOC2007\JPEGImages\PQI8D9LB.jpg</path>
	<source>
		<database>Unknown</database>
	</source>
	<size>
		<width>757</width>
		<height>396</height>
		<depth>3</depth>
	</size>
	<segmented>0</segmented>
	<object>
		<name>zipcode</name>
		<pose>Unspecified</pose>
		<truncated>0</truncated>
		<difficult>0</difficult>
		<bndbox>
			<xmin>408</xmin>
			<ymin>280</ymin>
			<xmax>556</xmax>
			<ymax>324</ymax>
		</bndbox>
	</object>
</annotation>
