<annotation>
	<folder>JPEGImages</folder>
	<filename>PTNAFS4G.jpg</filename>
	<path>D:\Work\Kaggle\TinyMind人民币面值&amp;冠字号编码识别挑战赛\VOC2007\JPEGImages\PTNAFS4G.jpg</path>
	<source>
		<database>Unknown</database>
	</source>
	<size>
		<width>977</width>
		<height>450</height>
		<depth>3</depth>
	</size>
	<segmented>0</segmented>
	<object>
		<name>zipcode</name>
		<pose>Unspecified</pose>
		<truncated>0</truncated>
		<difficult>0</difficult>
		<bndbox>
			<xmin>524</xmin>
			<ymin>333</ymin>
			<xmax>735</xmax>
			<ymax>388</ymax>
		</bndbox>
	</object>
</annotation>
