<annotation>
	<folder>JPEGImages</folder>
	<filename>PTUD5Z7K.jpg</filename>
	<path>D:\Work\Kaggle\TinyMind人民币面值&amp;冠字号编码识别挑战赛\VOC2007\JPEGImages\PTUD5Z7K.jpg</path>
	<source>
		<database>Unknown</database>
	</source>
	<size>
		<width>851</width>
		<height>404</height>
		<depth>3</depth>
	</size>
	<segmented>0</segmented>
	<object>
		<name>zipcode</name>
		<pose>Unspecified</pose>
		<truncated>0</truncated>
		<difficult>0</difficult>
		<bndbox>
			<xmin>181</xmin>
			<ymin>306</ymin>
			<xmax>360</xmax>
			<ymax>354</ymax>
		</bndbox>
	</object>
</annotation>
