<annotation>
	<folder>JPEGImages</folder>
	<filename>PTW2MEDN.jpg</filename>
	<path>D:\Work\Kaggle\TinyMind人民币面值&amp;冠字号编码识别挑战赛\VOC2007\JPEGImages\PTW2MEDN.jpg</path>
	<source>
		<database>Unknown</database>
	</source>
	<size>
		<width>1228</width>
		<height>600</height>
		<depth>3</depth>
	</size>
	<segmented>0</segmented>
	<object>
		<name>zipcode</name>
		<pose>Unspecified</pose>
		<truncated>0</truncated>
		<difficult>0</difficult>
		<bndbox>
			<xmin>915</xmin>
			<ymin>328</ymin>
			<xmax>1167</xmax>
			<ymax>389</ymax>
		</bndbox>
	</object>
</annotation>
