<annotation>
	<folder>JPEGImages</folder>
	<filename>PXSNU5IY.jpg</filename>
	<path>D:\Work\Kaggle\TinyMind人民币面值&amp;冠字号编码识别挑战赛\VOC2007\JPEGImages\PXSNU5IY.jpg</path>
	<source>
		<database>Unknown</database>
	</source>
	<size>
		<width>1301</width>
		<height>600</height>
		<depth>3</depth>
	</size>
	<segmented>0</segmented>
	<object>
		<name>zipcode</name>
		<pose>Unspecified</pose>
		<truncated>0</truncated>
		<difficult>0</difficult>
		<bndbox>
			<xmin>705</xmin>
			<ymin>466</ymin>
			<xmax>990</xmax>
			<ymax>536</ymax>
		</bndbox>
	</object>
</annotation>
