<annotation>
	<folder>JPEGImages</folder>
	<filename>Q459HTZM.jpg</filename>
	<path>D:\Work\Kaggle\TinyMind人民币面值&amp;冠字号编码识别挑战赛\VOC2007\JPEGImages\Q459HTZM.jpg</path>
	<source>
		<database>Unknown</database>
	</source>
	<size>
		<width>1161</width>
		<height>600</height>
		<depth>3</depth>
	</size>
	<segmented>0</segmented>
	<object>
		<name>zipcode</name>
		<pose>Unspecified</pose>
		<truncated>0</truncated>
		<difficult>0</difficult>
		<bndbox>
			<xmin>885</xmin>
			<ymin>325</ymin>
			<xmax>1114</xmax>
			<ymax>372</ymax>
		</bndbox>
	</object>
</annotation>
