<annotation>
	<folder>JPEGImages</folder>
	<filename>QSM6FTNB.jpg</filename>
	<path>D:\Work\Kaggle\TinyMind人民币面值&amp;冠字号编码识别挑战赛\VOC2007\JPEGImages\QSM6FTNB.jpg</path>
	<source>
		<database>Unknown</database>
	</source>
	<size>
		<width>818</width>
		<height>388</height>
		<depth>3</depth>
	</size>
	<segmented>0</segmented>
	<object>
		<name>zipcode</name>
		<pose>Unspecified</pose>
		<truncated>0</truncated>
		<difficult>0</difficult>
		<bndbox>
			<xmin>284</xmin>
			<ymin>284</ymin>
			<xmax>461</xmax>
			<ymax>336</ymax>
		</bndbox>
	</object>
</annotation>
