<annotation>
	<folder>JPEGImages</folder>
	<filename>RCVIXF5S.jpg</filename>
	<path>D:\Work\Kaggle\TinyMind人民币面值&amp;冠字号编码识别挑战赛\VOC2007\JPEGImages\RCVIXF5S.jpg</path>
	<source>
		<database>Unknown</database>
	</source>
	<size>
		<width>1286</width>
		<height>600</height>
		<depth>3</depth>
	</size>
	<segmented>0</segmented>
	<object>
		<name>zipcode</name>
		<pose>Unspecified</pose>
		<truncated>0</truncated>
		<difficult>0</difficult>
		<bndbox>
			<xmin>250</xmin>
			<ymin>465</ymin>
			<xmax>558</xmax>
			<ymax>548</ymax>
		</bndbox>
	</object>
</annotation>
