<annotation>
	<folder>JPEGImages</folder>
	<filename>RGQ648AZ.jpg</filename>
	<path>D:\Work\Kaggle\TinyMind人民币面值&amp;冠字号编码识别挑战赛\VOC2007\JPEGImages\RGQ648AZ.jpg</path>
	<source>
		<database>Unknown</database>
	</source>
	<size>
		<width>1229</width>
		<height>600</height>
		<depth>3</depth>
	</size>
	<segmented>0</segmented>
	<object>
		<name>zipcode</name>
		<pose>Unspecified</pose>
		<truncated>0</truncated>
		<difficult>0</difficult>
		<bndbox>
			<xmin>922</xmin>
			<ymin>324</ymin>
			<xmax>1154</xmax>
			<ymax>383</ymax>
		</bndbox>
	</object>
</annotation>
