<annotation>
	<folder>JPEGImages</folder>
	<filename>SGG60B5H.jpg</filename>
	<path>D:\Work\Kaggle\TinyMind人民币面值&amp;冠字号编码识别挑战赛\VOC2007\JPEGImages\SGG60B5H.jpg</path>
	<source>
		<database>Unknown</database>
	</source>
	<size>
		<width>708</width>
		<height>355</height>
		<depth>3</depth>
	</size>
	<segmented>0</segmented>
	<object>
		<name>zipcode</name>
		<pose>Unspecified</pose>
		<truncated>0</truncated>
		<difficult>0</difficult>
		<bndbox>
			<xmin>361</xmin>
			<ymin>247</ymin>
			<xmax>511</xmax>
			<ymax>291</ymax>
		</bndbox>
	</object>
</annotation>
