<annotation>
	<folder>JPEGImages</folder>
	<filename>T12GFIXQ.jpg</filename>
	<path>D:\Work\Kaggle\TinyMind人民币面值&amp;冠字号编码识别挑战赛\VOC2007\JPEGImages\T12GFIXQ.jpg</path>
	<source>
		<database>Unknown</database>
	</source>
	<size>
		<width>741</width>
		<height>378</height>
		<depth>3</depth>
	</size>
	<segmented>0</segmented>
	<object>
		<name>zipcode</name>
		<pose>Unspecified</pose>
		<truncated>0</truncated>
		<difficult>0</difficult>
		<bndbox>
			<xmin>401</xmin>
			<ymin>280</ymin>
			<xmax>552</xmax>
			<ymax>315</ymax>
		</bndbox>
	</object>
</annotation>
