<annotation>
	<folder>JPEGImages</folder>
	<filename>TAEFQ06Z.jpg</filename>
	<path>D:\Work\Kaggle\TinyMind人民币面值&amp;冠字号编码识别挑战赛\VOC2007\JPEGImages\TAEFQ06Z.jpg</path>
	<source>
		<database>Unknown</database>
	</source>
	<size>
		<width>1131</width>
		<height>590</height>
		<depth>3</depth>
	</size>
	<segmented>0</segmented>
	<object>
		<name>zipcode</name>
		<pose>Unspecified</pose>
		<truncated>0</truncated>
		<difficult>0</difficult>
		<bndbox>
			<xmin>817</xmin>
			<ymin>309</ymin>
			<xmax>1040</xmax>
			<ymax>364</ymax>
		</bndbox>
	</object>
</annotation>
