<annotation>
	<folder>JPEGImages</folder>
	<filename>TKDY7B0M.jpg</filename>
	<path>D:\Work\Kaggle\TinyMind人民币面值&amp;冠字号编码识别挑战赛\VOC2007\JPEGImages\TKDY7B0M.jpg</path>
	<source>
		<database>Unknown</database>
	</source>
	<size>
		<width>827</width>
		<height>429</height>
		<depth>3</depth>
	</size>
	<segmented>0</segmented>
	<object>
		<name>zipcode</name>
		<pose>Unspecified</pose>
		<truncated>0</truncated>
		<difficult>0</difficult>
		<bndbox>
			<xmin>602</xmin>
			<ymin>219</ymin>
			<xmax>751</xmax>
			<ymax>262</ymax>
		</bndbox>
	</object>
</annotation>
