<annotation>
	<folder>JPEGImages</folder>
	<filename>TXHAD5GM.jpg</filename>
	<path>D:\Work\Kaggle\TinyMind人民币面值&amp;冠字号编码识别挑战赛\VOC2007\JPEGImages\TXHAD5GM.jpg</path>
	<source>
		<database>Unknown</database>
	</source>
	<size>
		<width>572</width>
		<height>306</height>
		<depth>3</depth>
	</size>
	<segmented>0</segmented>
	<object>
		<name>zipcode</name>
		<pose>Unspecified</pose>
		<truncated>0</truncated>
		<difficult>0</difficult>
		<bndbox>
			<xmin>191</xmin>
			<ymin>205</ymin>
			<xmax>320</xmax>
			<ymax>239</ymax>
		</bndbox>
	</object>
</annotation>
