<annotation>
	<folder>JPEGImages</folder>
	<filename>U04K8GHO.jpg</filename>
	<path>D:\Work\Kaggle\TinyMind人民币面值&amp;冠字号编码识别挑战赛\VOC2007\JPEGImages\U04K8GHO.jpg</path>
	<source>
		<database>Unknown</database>
	</source>
	<size>
		<width>983</width>
		<height>475</height>
		<depth>3</depth>
	</size>
	<segmented>0</segmented>
	<object>
		<name>zipcode</name>
		<pose>Unspecified</pose>
		<truncated>0</truncated>
		<difficult>0</difficult>
		<bndbox>
			<xmin>514</xmin>
			<ymin>348</ymin>
			<xmax>726</xmax>
			<ymax>407</ymax>
		</bndbox>
	</object>
</annotation>
