<annotation>
	<folder>JPEGImages</folder>
	<filename>UA03TK1D.jpg</filename>
	<path>D:\Work\Kaggle\TinyMind人民币面值&amp;冠字号编码识别挑战赛\VOC2007\JPEGImages\UA03TK1D.jpg</path>
	<source>
		<database>Unknown</database>
	</source>
	<size>
		<width>1129</width>
		<height>575</height>
		<depth>3</depth>
	</size>
	<segmented>0</segmented>
	<object>
		<name>zipcode</name>
		<pose>Unspecified</pose>
		<truncated>0</truncated>
		<difficult>0</difficult>
		<bndbox>
			<xmin>839</xmin>
			<ymin>290</ymin>
			<xmax>1060</xmax>
			<ymax>351</ymax>
		</bndbox>
	</object>
</annotation>
