<annotation>
	<folder>JPEGImages</folder>
	<filename>UB6LC2QA.jpg</filename>
	<path>D:\Work\Kaggle\TinyMind人民币面值&amp;冠字号编码识别挑战赛\VOC2007\JPEGImages\UB6LC2QA.jpg</path>
	<source>
		<database>Unknown</database>
	</source>
	<size>
		<width>1055</width>
		<height>521</height>
		<depth>3</depth>
	</size>
	<segmented>0</segmented>
	<object>
		<name>zipcode</name>
		<pose>Unspecified</pose>
		<truncated>0</truncated>
		<difficult>0</difficult>
		<bndbox>
			<xmin>548</xmin>
			<ymin>367</ymin>
			<xmax>783</xmax>
			<ymax>434</ymax>
		</bndbox>
	</object>
</annotation>
