<annotation>
	<folder>JPEGImages</folder>
	<filename>UN34BR5Q.jpg</filename>
	<path>D:\Work\Kaggle\TinyMind人民币面值&amp;冠字号编码识别挑战赛\VOC2007\JPEGImages\UN34BR5Q.jpg</path>
	<source>
		<database>Unknown</database>
	</source>
	<size>
		<width>1227</width>
		<height>562</height>
		<depth>3</depth>
	</size>
	<segmented>0</segmented>
	<object>
		<name>zipcode</name>
		<pose>Unspecified</pose>
		<truncated>0</truncated>
		<difficult>0</difficult>
		<bndbox>
			<xmin>405</xmin>
			<ymin>445</ymin>
			<xmax>700</xmax>
			<ymax>536</ymax>
		</bndbox>
	</object>
</annotation>
