<annotation>
	<folder>JPEGImages</folder>
	<filename>UX6GGN1W.jpg</filename>
	<path>D:\Work\Kaggle\TinyMind人民币面值&amp;冠字号编码识别挑战赛\VOC2007\JPEGImages\UX6GGN1W.jpg</path>
	<source>
		<database>Unknown</database>
	</source>
	<size>
		<width>861</width>
		<height>420</height>
		<depth>3</depth>
	</size>
	<segmented>0</segmented>
	<object>
		<name>zipcode</name>
		<pose>Unspecified</pose>
		<truncated>0</truncated>
		<difficult>0</difficult>
		<bndbox>
			<xmin>185</xmin>
			<ymin>304</ymin>
			<xmax>381</xmax>
			<ymax>365</ymax>
		</bndbox>
	</object>
</annotation>
