<annotation>
	<folder>JPEGImages</folder>
	<filename>V0GHGD6Q.jpg</filename>
	<path>D:\Work\Kaggle\TinyMind人民币面值&amp;冠字号编码识别挑战赛\VOC2007\JPEGImages\V0GHGD6Q.jpg</path>
	<source>
		<database>Unknown</database>
	</source>
	<size>
		<width>621</width>
		<height>325</height>
		<depth>3</depth>
	</size>
	<segmented>0</segmented>
	<object>
		<name>zipcode</name>
		<pose>Unspecified</pose>
		<truncated>0</truncated>
		<difficult>0</difficult>
		<bndbox>
			<xmin>143</xmin>
			<ymin>227</ymin>
			<xmax>269</xmax>
			<ymax>266</ymax>
		</bndbox>
	</object>
</annotation>
