<annotation>
	<folder>JPEGImages</folder>
	<filename>VH5M4RSQ.jpg</filename>
	<path>D:\Work\Kaggle\TinyMind人民币面值&amp;冠字号编码识别挑战赛\VOC2007\JPEGImages\VH5M4RSQ.jpg</path>
	<source>
		<database>Unknown</database>
	</source>
	<size>
		<width>1175</width>
		<height>541</height>
		<depth>3</depth>
	</size>
	<segmented>0</segmented>
	<object>
		<name>zipcode</name>
		<pose>Unspecified</pose>
		<truncated>0</truncated>
		<difficult>0</difficult>
		<bndbox>
			<xmin>646</xmin>
			<ymin>428</ymin>
			<xmax>888</xmax>
			<ymax>498</ymax>
		</bndbox>
	</object>
</annotation>
