<annotation>
	<folder>JPEGImages</folder>
	<filename>VMF4RQGN.jpg</filename>
	<path>D:\Work\Kaggle\TinyMind人民币面值&amp;冠字号编码识别挑战赛\VOC2007\JPEGImages\VMF4RQGN.jpg</path>
	<source>
		<database>Unknown</database>
	</source>
	<size>
		<width>1211</width>
		<height>556</height>
		<depth>3</depth>
	</size>
	<segmented>0</segmented>
	<object>
		<name>zipcode</name>
		<pose>Unspecified</pose>
		<truncated>0</truncated>
		<difficult>0</difficult>
		<bndbox>
			<xmin>397</xmin>
			<ymin>426</ymin>
			<xmax>693</xmax>
			<ymax>505</ymax>
		</bndbox>
	</object>
</annotation>
