<annotation>
	<folder>JPEGImages</folder>
	<filename>X3P8LYC1.jpg</filename>
	<path>D:\Work\Kaggle\TinyMind人民币面值&amp;冠字号编码识别挑战赛\VOC2007\JPEGImages\X3P8LYC1.jpg</path>
	<source>
		<database>Unknown</database>
	</source>
	<size>
		<width>709</width>
		<height>359</height>
		<depth>3</depth>
	</size>
	<segmented>0</segmented>
	<object>
		<name>zipcode</name>
		<pose>Unspecified</pose>
		<truncated>0</truncated>
		<difficult>0</difficult>
		<bndbox>
			<xmin>363</xmin>
			<ymin>255</ymin>
			<xmax>511</xmax>
			<ymax>291</ymax>
		</bndbox>
	</object>
</annotation>
