<annotation>
	<folder>JPEGImages</folder>
	<filename>X3PESMIQ.jpg</filename>
	<path>D:\Work\Kaggle\TinyMind人民币面值&amp;冠字号编码识别挑战赛\VOC2007\JPEGImages\X3PESMIQ.jpg</path>
	<source>
		<database>Unknown</database>
	</source>
	<size>
		<width>815</width>
		<height>416</height>
		<depth>3</depth>
	</size>
	<segmented>0</segmented>
	<object>
		<name>zipcode</name>
		<pose>Unspecified</pose>
		<truncated>0</truncated>
		<difficult>0</difficult>
		<bndbox>
			<xmin>266</xmin>
			<ymin>291</ymin>
			<xmax>457</xmax>
			<ymax>342</ymax>
		</bndbox>
	</object>
</annotation>
