<annotation>
	<folder>JPEGImages</folder>
	<filename>XD3MT8G0.jpg</filename>
	<path>D:\Work\Kaggle\TinyMind人民币面值&amp;冠字号编码识别挑战赛\VOC2007\JPEGImages\XD3MT8G0.jpg</path>
	<source>
		<database>Unknown</database>
	</source>
	<size>
		<width>702</width>
		<height>353</height>
		<depth>3</depth>
	</size>
	<segmented>0</segmented>
	<object>
		<name>zipcode</name>
		<pose>Unspecified</pose>
		<truncated>0</truncated>
		<difficult>0</difficult>
		<bndbox>
			<xmin>362</xmin>
			<ymin>250</ymin>
			<xmax>495</xmax>
			<ymax>288</ymax>
		</bndbox>
	</object>
</annotation>
