<annotation>
	<folder>JPEGImages</folder>
	<filename>XE43UKBD.jpg</filename>
	<path>D:\Work\Kaggle\TinyMind人民币面值&amp;冠字号编码识别挑战赛\VOC2007\JPEGImages\XE43UKBD.jpg</path>
	<source>
		<database>Unknown</database>
	</source>
	<size>
		<width>1095</width>
		<height>515</height>
		<depth>3</depth>
	</size>
	<segmented>0</segmented>
	<object>
		<name>zipcode</name>
		<pose>Unspecified</pose>
		<truncated>0</truncated>
		<difficult>0</difficult>
		<bndbox>
			<xmin>568</xmin>
			<ymin>380</ymin>
			<xmax>802</xmax>
			<ymax>445</ymax>
		</bndbox>
	</object>
</annotation>
