<annotation>
	<folder>JPEGImages</folder>
	<filename>XO1F57MN.jpg</filename>
	<path>D:\Work\Kaggle\TinyMind人民币面值&amp;冠字号编码识别挑战赛\VOC2007\JPEGImages\XO1F57MN.jpg</path>
	<source>
		<database>Unknown</database>
	</source>
	<size>
		<width>969</width>
		<height>460</height>
		<depth>3</depth>
	</size>
	<segmented>0</segmented>
	<object>
		<name>zipcode</name>
		<pose>Unspecified</pose>
		<truncated>0</truncated>
		<difficult>0</difficult>
		<bndbox>
			<xmin>496</xmin>
			<ymin>333</ymin>
			<xmax>728</xmax>
			<ymax>395</ymax>
		</bndbox>
	</object>
</annotation>
