<annotation>
	<folder>JPEGImages</folder>
	<filename>YBH7QGZ2.jpg</filename>
	<path>D:\Work\Kaggle\TinyMind人民币面值&amp;冠字号编码识别挑战赛\VOC2007\JPEGImages\YBH7QGZ2.jpg</path>
	<source>
		<database>Unknown</database>
	</source>
	<size>
		<width>577</width>
		<height>314</height>
		<depth>3</depth>
	</size>
	<segmented>0</segmented>
	<object>
		<name>zipcode</name>
		<pose>Unspecified</pose>
		<truncated>0</truncated>
		<difficult>0</difficult>
		<bndbox>
			<xmin>200</xmin>
			<ymin>213</ymin>
			<xmax>324</xmax>
			<ymax>251</ymax>
		</bndbox>
	</object>
</annotation>
