<annotation>
	<folder>JPEGImages</folder>
	<filename>YG1DUGF9.jpg</filename>
	<path>D:\Work\Kaggle\TinyMind人民币面值&amp;冠字号编码识别挑战赛\VOC2007\JPEGImages\YG1DUGF9.jpg</path>
	<source>
		<database>Unknown</database>
	</source>
	<size>
		<width>817</width>
		<height>432</height>
		<depth>3</depth>
	</size>
	<segmented>0</segmented>
	<object>
		<name>zipcode</name>
		<pose>Unspecified</pose>
		<truncated>0</truncated>
		<difficult>0</difficult>
		<bndbox>
			<xmin>610</xmin>
			<ymin>223</ymin>
			<xmax>762</xmax>
			<ymax>262</ymax>
		</bndbox>
	</object>
</annotation>
