<annotation>
	<folder>JPEGImages</folder>
	<filename>YPX1KC8W.jpg</filename>
	<path>D:\Work\Kaggle\TinyMind人民币面值&amp;冠字号编码识别挑战赛\VOC2007\JPEGImages\YPX1KC8W.jpg</path>
	<source>
		<database>Unknown</database>
	</source>
	<size>
		<width>1338</width>
		<height>600</height>
		<depth>3</depth>
	</size>
	<segmented>0</segmented>
	<object>
		<name>zipcode</name>
		<pose>Unspecified</pose>
		<truncated>0</truncated>
		<difficult>0</difficult>
		<bndbox>
			<xmin>733</xmin>
			<ymin>475</ymin>
			<xmax>1021</xmax>
			<ymax>544</ymax>
		</bndbox>
	</object>
</annotation>
