<annotation>
	<folder>JPEGImages</folder>
	<filename>Z265Q0PT.jpg</filename>
	<path>D:\Work\Kaggle\TinyMind人民币面值&amp;冠字号编码识别挑战赛\VOC2007\JPEGImages\Z265Q0PT.jpg</path>
	<source>
		<database>Unknown</database>
	</source>
	<size>
		<width>1209</width>
		<height>600</height>
		<depth>3</depth>
	</size>
	<segmented>0</segmented>
	<object>
		<name>zipcode</name>
		<pose>Unspecified</pose>
		<truncated>0</truncated>
		<difficult>0</difficult>
		<bndbox>
			<xmin>247</xmin>
			<ymin>453</ymin>
			<xmax>535</xmax>
			<ymax>532</ymax>
		</bndbox>
	</object>
</annotation>
