<annotation>
	<folder>JPEGImages</folder>
	<filename>Z9DKVEUI.jpg</filename>
	<path>D:\Work\Kaggle\TinyMind人民币面值&amp;冠字号编码识别挑战赛\VOC2007\JPEGImages\Z9DKVEUI.jpg</path>
	<source>
		<database>Unknown</database>
	</source>
	<size>
		<width>594</width>
		<height>311</height>
		<depth>3</depth>
	</size>
	<segmented>0</segmented>
	<object>
		<name>zipcode</name>
		<pose>Unspecified</pose>
		<truncated>0</truncated>
		<difficult>0</difficult>
		<bndbox>
			<xmin>206</xmin>
			<ymin>220</ymin>
			<xmax>339</xmax>
			<ymax>255</ymax>
		</bndbox>
	</object>
</annotation>
