<annotation>
	<folder>JPEGImages</folder>
	<filename>ZXO5FKG0.jpg</filename>
	<path>D:\Work\Kaggle\TinyMind人民币面值&amp;冠字号编码识别挑战赛\VOC2007\JPEGImages\ZXO5FKG0.jpg</path>
	<source>
		<database>Unknown</database>
	</source>
	<size>
		<width>1102</width>
		<height>532</height>
		<depth>3</depth>
	</size>
	<segmented>0</segmented>
	<object>
		<name>zipcode</name>
		<pose>Unspecified</pose>
		<truncated>0</truncated>
		<difficult>0</difficult>
		<bndbox>
			<xmin>561</xmin>
			<ymin>392</ymin>
			<xmax>816</xmax>
			<ymax>465</ymax>
		</bndbox>
	</object>
</annotation>
